-0.0027,-0.12325
-0.0026960075,-292
-0.002692015,-0.34825
-0.0026880225,-292
-0.00268403,-0.1545
-0.0026800375,0.05175
-0.002676045,308
-0.0026720525,483
-0.00266806,0.51425
-0.0026640675,0.42675
-0.002660075,258
-0.0026560825,0.05175
-0.00265209,-0.12325
-0.0026480975,-0.24825
-0.002644105,-0.28575
-0.0026401125,-0.13575
-0.00263612,0.02675
-0.0026321275,158
-0.002628135,0.36425
-0.0026241425,458
-0.00262015,0.5205
-0.0026161575,0.4955
-0.002612165,0.53925
-0.0026081725,0.55175
-0.00260418,0.6205
-0.0026001875,0.66425
-0.002596195,0.72675
-0.0025922025,0.8205
-0.00258821,0.8205
-0.0025842175,0.7955
-0.002580225,0.6705
-0.0025762325,0.57675
-0.00257224,0.36425
-0.0025682475,0.1705
-0.002564255,0.0205
-0.0025602625,-0.0545
-0.00255627,-0.11075
-0.0025522775,-0.14825
-0.002548285,-92
-0.0025442925,-0.02325
-0.0025403,-0.0045
-0.0025363075,8
-0.002532315,0.07675
-0.0025283225,0.1205
-0.00252433,208
-0.0025203375,0.23925
-0.002516345,0.33925
-0.0025123525,458
-0.00250836,0.51425
-0.0025043675,0.50175
-0.002500375,433
-0.0024963825,0.30175
-0.00249239,0.0705
-0.0024883975,-0.17325
-0.002484405,-417
-0.0024804125,-0.62325
-0.00247642,-767
-0.0024724275,-767
-0.002468435,-767
-0.0024644425,-0.73575
-0.00246045,-617
-0.0024564575,-0.49825
-0.002452465,-0.43575
-0.0024484725,-0.33575
-0.00244448,-0.36075
-0.0024404875,-0.3795
-0.002436495,-0.3795
-0.0024325025,-0.34825
-0.00242851,-417
-0.0024245175,-367
-0.002420525,-0.29825
-0.0024165325,-0.24825
-0.00241254,-192
-0.0024085475,-117
-0.002404555,-0.08575
-0.0024005625,-0.09825
-0.00239657,-0.11075
-0.0023925775,-142
-0.002388585,-142
-0.0023845925,-192
-0.0023806,-0.14825
-0.0023766075,-92
-0.002372615,-0.0045
-0.0023686225,0.0955
-0.00236463,0.20175
-0.0023606375,0.21425
-0.002356645,0.25175
-0.0023526525,0.28925
-0.00234866,0.27675
-0.0023446675,0.18925
-0.002340675,0.20175
-0.0023366825,0.22675
-0.00233269,0.21425
-0.0023286975,208
-0.002324705,283
-0.0023207125,0.3455
-0.00231672,333
-0.0023127275,0.38925
-0.002308735,433
-0.0023047425,0.46425
-0.00230075,0.47675
-0.0022967575,0.47675
-0.002292765,508
-0.0022887725,0.52675
-0.00228478,0.51425
-0.0022807875,0.50175
-0.002276795,0.50175
-0.0022728025,0.42675
-0.00226881,0.33925
-0.0022648175,0.27675
-0.002260825,208
-0.0022568325,108
-0.00225284,0.0705
-0.0022488475,0.0955
-0.002244855,0.0705
-0.0022408625,0.06425
-0.00223687,0.0955
-0.0022328775,0.12675
-0.002228885,0.1205
-0.0022248925,0.12675
-0.0022209,58
-0.0022169075,108
-0.002212915,0.0955
-0.0022089225,83
-0.00220493,0.0205
-0.0022009375,-0.07325
-0.002196945,-217
-0.0021929525,-0.37325
-0.00218896,-0.61075
-0.0021849675,-767
-0.002180975,-767
-0.0021769825,-767
-0.00217299,-767
-0.0021689975,-467
-0.002165005,-0.14825
-0.0021610125,0.10175
-0.00215702,0.20175
-0.0021530275,283
-0.002149035,0.10175
-0.0021450425,-67
-0.00214105,-342
-0.0021370575,-0.5045
-0.002133065,-0.5545
-0.0021290725,-0.5545
-0.00212508,-0.5295
-0.0021210875,-467
-0.002117095,-0.38575
-0.0021131025,-392
-0.00210911,-442
-0.0021051175,-0.4795
-0.002101125,-0.46075
-0.0020971325,-0.41075
-0.00209314,-267
-0.0020891475,-0.1045
-0.002085155,0.1455
-0.0020811625,383
-0.00207717,0.5455
-0.0020731775,0.61425
-0.002069185,0.6455
-0.0020651925,658
-0.0020612,0.56425
-0.0020572075,0.5205
-0.002053215,0.4205
-0.0020492225,0.41425
-0.00204523,0.3955
-0.0020412375,0.3955
-0.002037245,0.42675
-0.0020332525,0.38925
-0.00202926,0.28925
-0.0020252675,0.22675
-0.002021275,0.12675
-0.0020172825,8
-0.00201329,-17
-0.0020092975,-17
-0.002005305,0.05175
-0.0020013125,183
-0.00199732,0.31425
-0.0019933275,508
-0.001989335,0.66425
-0.0019853425,733
-0.00198135,0.77675
-0.0019773575,0.73925
-0.001973365,0.7455
-0.0019693725,0.65175
-0.00196538,0.55175
-0.0019613875,483
-0.001957395,408
-0.0019534025,0.28925
-0.00194941,0.18925
-0.0019454175,0.05175
-0.001941425,-0.13575
-0.0019374325,-0.27325
-0.00193344,-0.4545
-0.0019294475,-567
-0.001925455,-0.58575
-0.0019214625,-592
-0.00191747,-492
-0.0019134775,-0.32325
-0.001909485,-0.19825
-0.0019054925,-0.0795
-0.0019015,-0.0045
-0.0018975075,33
-0.001893515,-67
-0.0018895225,-0.19825
-0.00188553,-367
-0.0018815375,-467
-0.001877545,-567
-0.0018735525,-0.53575
-0.00186956,-467
-0.0018655675,-0.3795
-0.001861575,-0.2045
-0.0018575825,-0.16075
-0.00185359,-0.17325
-0.0018495975,-0.29825
-0.001845605,-0.38575
-0.0018416125,-0.51075
-0.00183762,-0.63575
-0.0018336275,-0.6045
-0.001829635,-0.4795
-0.0018256425,-0.32325
-0.00182165,-92
-0.0018176575,0.13925
-0.001813665,0.2705
-0.0018096725,0.31425
-0.00180568,308
-0.0018016875,0.2205
-0.001797695,83
-0.0017937025,-0.0545
-0.00178971,-0.09825
-0.0017857175,-0.03575
-0.001781725,33
-0.0017777325,0.1705
-0.00177374,0.32675
-0.0017697475,0.42675
-0.001765755,0.4955
-0.0017617625,0.51425
-0.00175777,458
-0.0017537775,433
-0.001749785,0.3705
-0.0017457925,408
-0.0017418,0.43925
-0.0017378075,0.48925
-0.001733815,0.5705
-0.0017298225,633
-0.00172583,0.62675
-0.0017218375,608
-0.001717845,0.46425
-0.0017138525,0.3705
-0.00170986,233
-0.0017058675,0.1705
-0.001701875,0.1455
-0.0016978825,133
-0.00169389,208
-0.0016898975,0.2705
-0.001685905,0.33925
-0.0016819125,0.33925
-0.00167792,0.31425
-0.0016739275,0.33925
-0.001669935,0.30175
-0.0016659425,0.23925
-0.00166195,0.1705
-0.0016579575,0.1705
-0.001653965,0.11425
-0.0016499725,0.07675
-0.00164598,0.06425
-0.0016419875,0.00175
-0.001637995,-0.1045
-0.0016340025,-0.18575
-0.00163001,-0.21075
-0.0016260175,-0.2045
-0.001622025,-0.22325
-0.0016180325,-0.24825
-0.00161404,-0.2545
-0.0016100475,-292
-0.001606055,-0.3795
-0.0016020625,-442
-0.00159807,-0.5295
-0.0015940775,-0.64825
-0.001590085,-0.69825
-0.0015860925,-0.73575
-0.0015821,-0.71075
-0.0015781075,-0.69825
-0.001574115,-0.66075
-0.0015701225,-0.57325
-0.00156613,-0.4795
-0.0015621375,-0.31075
-0.001558145,-217
-0.0015541525,-0.04825
-0.00155016,0.02675
-0.0015461675,0.07675
-0.001542175,58
-0.0015381825,-0.0545
-0.00153419,-0.09825
-0.0015301975,-0.18575
-0.001526205,-0.22325
-0.0015222125,-0.23575
-0.00151822,-167
-0.0015142275,-92
-0.001510235,0.01425
-0.0015062425,0.07675
-0.00150225,133
-0.0014982575,158
-0.001494265,0.0705
-0.0014902725,0.02675
-0.00148628,-0.01075
-0.0014822875,0.0455
-0.001478295,0.0455
-0.0014743025,133
-0.00147031,0.32675
-0.0014663175,0.43925
-0.001462325,0.53925
-0.0014583325,633
-0.00145434,708
-0.0014503475,0.70175
-0.001446355,0.61425
-0.0014423625,0.6205
-0.00143837,0.5705
-0.0014343775,0.52675
-0.001430385,0.5455
-0.0014263925,0.5455
-0.0014224,0.48925
-0.0014184075,0.4455
-0.001414415,0.3455
-0.0014104225,0.26425
-0.00140643,133
-0.0014024375,0.02675
-0.001398445,-0.01075
-0.0013944525,-0.03575
-0.00139046,0.01425
-0.0013864675,58
-0.001382475,158
-0.0013784825,0.2455
-0.00137449,0.3455
-0.0013704975,433
-0.001366505,458
-0.0013625125,0.4705
-0.00135852,0.46425
-0.0013545275,408
-0.001350535,0.35175
-0.0013465425,0.2705
-0.00134255,183
-0.0013385575,8
-0.001334565,-0.18575
-0.0013305725,-0.36075
-0.00132658,-567
-0.0013225875,-0.69825
-0.001318595,-767
-0.0013146025,-0.7295
-0.00131061,-0.59825
-0.0013066175,-0.47325
-0.001302625,-0.31075
-0.0012986325,-0.17325
-0.00129464,-0.12325
-0.0012906475,-0.1295
-0.001286655,-142
-0.0012826625,-0.2045
-0.00127867,-0.24825
-0.0012746775,-0.28575
-0.001270685,-0.29825
-0.0012666925,-0.2795
-0.0012627,-0.24825
-0.0012587075,-267
-0.001254715,-0.32325
-0.0012507225,-0.36075
-0.00124673,-0.3545
-0.0012427375,-0.43575
-0.001238745,-0.46075
-0.0012347525,-0.43575
-0.00123076,-0.34825
-0.0012267675,-267
-0.001222775,-0.1295
-0.0012187825,0.00175
-0.00121479,0.0955
-0.0012107975,208
-0.001206805,0.32675
-0.0012028125,333
-0.00119882,0.33925
-0.0011948275,0.3705
-0.001190835,358
-0.0011868425,0.31425
-0.00118285,0.27675
-0.0011788575,0.2205
-0.001174865,208
-0.0011708725,0.18925
-0.00116688,0.12675
-0.0011628875,0.0705
-0.001158895,0.0955
-0.0011549025,0.10175
-0.00115091,0.10175
-0.0011469175,0.1705
-0.001142925,0.25175
-0.0011389325,0.30175
-0.00113494,0.40175
-0.0011309475,0.4955
-0.001126955,0.52675
-0.0011229625,0.53925
-0.00111897,0.5455
-0.0011149775,533
-0.001110985,0.52675
-0.0011069925,0.47675
-0.001103,0.3705
-0.0010990075,0.36425
-0.001095015,308
-0.0010910225,183
-0.00108703,0.11425
-0.0010830375,0.03925
-0.001079045,8
-0.0010750525,-117
-0.00107106,-167
-0.0010670675,-0.16075
-0.001063075,-167
-0.0010590825,-0.09825
-0.00105509,-0.0545
-0.0010510975,0.0205
-0.001047105,0.06425
-0.0010431125,0.13925
-0.00103912,0.10175
-0.0010351275,0.07675
-0.001031135,0.00175
-0.0010271425,-0.08575
-0.00102315,-0.2045
-0.0010191575,-292
-0.001015165,-392
-0.0010111725,-0.38575
-0.00100718,-0.3545
-0.0010031875,-392
-0.000999195,-0.38575
-0.0009952025,-417
-0.00099121,-0.4545
-0.0009872175,-0.52325
-0.000983225,-0.59825
-0.0009792325,-0.57325
-0.00097524,-0.54825
-0.0009712475,-0.38575
-0.000967255,-0.27325
-0.0009632625,-67
-0.00095927,83
-0.0009552775,0.13925
-0.000951285,0.12675
-0.0009472925,0.0205
-0.0009433,-92
-0.0009393075,-0.2045
-0.000935315,-292
-0.0009313225,-292
-0.00092733,-0.1795
-0.0009233375,8
-0.000919345,83
-0.0009153525,0.1955
-0.00091136,283
-0.0009073675,0.26425
-0.000903375,0.16425
-0.0008993825,108
-0.00089539,0.1205
-0.0008913975,0.13925
-0.000887405,0.16425
-0.0008834125,0.30175
-0.00087942,0.42675
-0.0008754275,0.4955
-0.000871435,0.4955
-0.0008674425,483
-0.00086345,0.4205
-0.0008594575,0.3205
-0.000855465,0.25175
-0.0008514725,258
-0.00084748,0.2705
-0.0008434875,308
-0.000839495,0.37675
-0.0008355025,508
-0.00083151,0.51425
-0.0008275175,0.52675
-0.000823525,483
-0.0008195325,0.41425
-0.00081554,0.27675
-0.0008115475,0.20175
-0.000807555,0.1455
-0.0008035625,0.10175
-0.00079957,0.0705
-0.0007955775,108
-0.000791585,0.05175
-0.0007875925,83
-0.0007836,0.10175
-0.0007796075,0.0455
-0.000775615,58
-0.0007716225,0.0705
-0.00076763,0.05175
-0.0007636375,0.03925
-0.000759645,0.02675
-0.0007556525,-0.01075
-0.00075166,-17
-0.0007476675,-0.07325
-0.000743675,-0.14825
-0.0007396825,-0.18575
-0.00073569,-0.28575
-0.0007316975,-0.3795
-0.000727705,-0.48575
-0.0007237125,-542
-0.00071972,-592
-0.0007157275,-0.63575
-0.000711735,-642
-0.0007077425,-0.5795
-0.00070375,-0.48575
-0.0006997575,-0.3545
-0.000695765,-267
-0.0006917725,-142
-0.00068778,-92
-0.0006837875,-0.12325
-0.000679795,-0.1295
-0.0006758025,-0.13575
-0.00067181,-0.13575
-0.0006678175,-0.1295
-0.000663825,-0.02325
-0.0006598325,0.0705
-0.00065584,0.1455
-0.0006518475,0.20175
-0.000647855,0.17675
-0.0006438625,0.1205
-0.00063987,-0.0545
-0.0006358775,-0.19825
-0.000631885,-0.34825
-0.0006278925,-0.41075
-0.0006239,-0.37325
-0.0006199075,-242
-0.000615915,-0.01075
-0.0006119225,0.20175
-0.00060793,0.4205
-0.0006039375,533
-0.000599945,0.63925
-0.0005959525,0.68925
-0.00059196,0.5955
-0.0005879675,0.56425
-0.000583975,558
-0.0005799825,0.53925
-0.00057599,0.51425
-0.0005719975,0.61425
-0.000568005,0.60175
-0.0005640125,0.56425
-0.00056002,0.46425
-0.0005560275,0.37675
-0.000552035,0.2705
-0.0005480425,0.10175
-0.00054405,-0.03575
-0.0005400575,-0.0545
-0.000536065,-0.0045
-0.0005320725,0.00175
-0.00052808,108
-0.0005240875,208
-0.000520095,333
-0.0005161025,0.3955
-0.00051211,408
-0.0005081175,0.41425
-0.000504125,0.40175
-0.0005001325,0.38925
-0.00049614,333
-0.0004921475,0.27675
-0.000488155,0.26425
-0.0004841625,0.17675
-0.00048017,0.06425
-0.0004761775,0.00175
-0.000472185,-0.1045
-0.0004681925,-242
-0.0004642,-0.3295
-0.0004602075,-0.41075
-0.000456215,-517
-0.0004522225,-0.54825
-0.00044823,-642
-0.0004442375,-0.68575
-0.000440245,-667
-0.0004362525,-0.62325
-0.00043226,-0.53575
-0.0004282675,-0.43575
-0.000424275,-0.27325
-0.0004202825,-192
-0.00041629,-92
-0.0004122975,-67
-0.000408305,-117
-0.0004043125,-0.17325
-0.00040032,-0.24825
-0.0003963275,-0.29825
-0.000392335,-317
-0.0003883425,-0.2795
-0.00038435,-0.2545
-0.0003803575,-0.26075
-0.000376365,-0.2045
-0.0003723725,-0.26075
-0.00036838,-342
-0.0003643875,-367
-0.000360395,-0.37325
-0.0003564025,-0.3545
-0.00035241,-0.1795
-0.0003484175,0.02675
-0.000344425,233
-0.0003404325,358
-0.00033644,0.4955
-0.0003324475,0.48925
-0.000328455,0.4205
-0.0003244625,0.3455
-0.00032047,0.18925
-0.0003164775,0.16425
-0.000312485,0.1705
-0.0003084925,0.20175
-0.0003045,0.33925
-0.0003005075,0.47675
-0.000296515,0.55175
-0.0002925225,0.5705
-0.00028853,508
-0.0002845375,0.45175
-0.000280545,358
-0.0002765525,258
-0.00027256,0.2455
-0.0002685675,0.23925
-0.000264575,308
-0.0002605825,0.37675
-0.00025659,0.42675
-0.0002525975,0.5205
-0.000248605,458
-0.0002446125,408
-0.00024062,0.38925
-0.0002366275,308
-0.000232635,0.27675
-0.0002286425,0.2205
-0.00022465,283
-0.0002206575,0.3455
-0.000216665,0.3705
-0.0002126725,0.3955
-0.00020868,0.36425
-0.0002046875,0.3455
-0.000200695,0.25175
-0.0001967025,0.1205
-0.00019271,108
-0.0001887175,-17
-0.000184725,-0.11075
-0.0001807325,-0.12325
-0.00017674,-0.1545
-0.0001727475,-217
-0.000168755,-0.2545
-0.0001647625,-217
-0.00016077,-242
-0.0001567775,-242
-0.000152785,-0.19825
-0.0001487925,-0.19825
-0.0001448,-0.1795
-0.0001408075,-0.23575
-0.000136815,-0.2795
-0.0001328225,-0.3795
-0.00012883,-0.46075
-0.0001248375,-0.53575
-0.000120845,-542
-0.0001168525,-0.52325
-0.00011286,-0.43575
-0.0001088675,-0.32325
-0.000104875,-0.29825
-0.0001008825,-0.26075
-0.00009689,-0.24825
-9.28974975E-05,-317
-0.000088905,-417
-8.49124975E-05,-0.43575
-0.00008092,-0.4045
-7.69274975E-05,-0.32325
-0.000072935,-0.19825
-6.89424975E-05,-42
-0.00006495,0.05175
-6.09574975E-05,0.11425
-0.000056965,0.13925
-5.29724975E-05,0.0955
-0.00004898,58
-4.49874975E-05,-0.0295
-0.000040995,-42
-3.70024975E-05,-42
-0.00003301,0.05175
-2.90174975E-05,0.11425
-0.000025025,0.21425
-2.10324975E-05,0.21425
-0.00001704,258
-1.30474975E-05,0.18925
-0.000009055,108
-5.0624975E-06,0.10175
-0.00000107,0.07675
2.9225025E-06,133
0.000006915,0.21425
1.09075025E-05,333
0.0000149,0.47675
1.88925025E-05,0.5705
0.000022885,0.61425
2.68775025E-05,0.61425
0.00003087,0.52675
3.48625025E-05,0.4455
0.000038855,333
4.28475025E-05,0.30175
0.00004684,283
5.08325025E-05,0.22675
0.000054825,233
5.88175025E-05,0.2205
0.00006281,0.20175
6.68025025E-05,0.15175
0.000070795,83
7.47875025E-05,0.00175
0.00007878,-0.0045
8.27725025E-05,-17
0.000086765,-0.01075
9.07575025E-05,0.05175
0.00009475,0.17675
9.87425025E-05,0.25175
0.000102735,308
0.0001067275,0.40175
0.00011072,358
0.0001147125,0.32675
0.000118705,0.2205
0.0001226975,0.1455
0.00012669,0.0205
0.0001306825,-0.1045
0.000134675,-0.2045
0.0001386675,-0.3045
0.00014266,-0.42325
0.0001466525,-0.49825
0.000150645,-0.57325
0.0001546375,-0.5795
0.00015863,-0.5795
0.0001626225,-0.44825
0.000166615,-392
0.0001706075,-0.29825
0.0001746,-0.19825
0.0001785925,-117
0.000182585,-0.1045
0.0001865775,-0.03575
0.00019057,-0.0295
0.0001945625,0.02675
0.000198555,0.00175
0.0002025475,0.0455
0.00020654,33
0.0002105325,-0.01075
0.000214525,-0.0795
0.0002185175,-0.13575
0.00022251,-0.24825
0.0002265025,-0.3295
0.000230495,-0.3795
0.0002344875,-0.31075
0.00023848,-0.31075
0.0002424725,-0.21075
0.000246465,-0.08575
0.0002504575,0.02675
0.00025445,0.11425
0.0002584425,0.17675
0.000262435,0.22675
0.0002664275,0.30175
0.00027042,333
0.0002744125,0.3705
0.000278405,0.41425
0.0002823975,0.47675
0.00028639,0.4455
0.0002903825,458
0.000294375,0.4205
0.0002983675,333
0.00030236,283
0.0003063525,0.25175
0.000310345,0.15175
0.0003143375,0.11425
0.00031833,0.0955
0.0003223225,0.10175
0.000326315,0.10175
0.0003303075,158
0.0003343,158
0.0003382925,208
0.000342285,0.20175
0.0003462775,0.2205
0.00035027,258
0.0003542625,233
0.000358255,0.2705
0.0003622475,0.28925
0.00036624,0.3455
0.0003702325,0.31425
0.000374225,0.31425
0.0003782175,0.2955
0.00038221,258
0.0003862025,0.15175
0.000390195,83
0.0003941875,0.0205
0.00039818,-67
0.0004021725,-0.21075
0.000406165,-242
0.0004101575,-0.34825
0.00041415,-392
0.0004181425,-417
0.000422135,-417
0.0004261275,-0.37325
0.00043012,-0.3295
0.0004341125,-0.2795
0.000438105,-0.23575
0.0004420975,-0.1795
0.00044609,-0.2045
0.0004500825,-0.2295
0.000454075,-167
0.0004580675,-192
0.00046206,-167
0.0004660525,-142
0.000470045,-0.08575
0.0004740375,-117
0.00047803,-0.12325
0.0004820225,-0.22325
0.000486015,-0.29825
0.0004900075,-0.3795
0.000494,-467
0.0004979925,-0.42325
0.000501985,-0.37325
0.0005059775,-0.2545
0.00050997,-67
0.0005139625,0.01425
0.000517955,83
0.0005219475,0.15175
0.00052594,133
0.0005299325,0.07675
0.000533925,0.07675
0.0005379175,83
0.00054191,158
0.0005459025,0.23925
0.000549895,383
0.0005538875,0.4455
0.00055788,0.52675
0.0005618725,0.50175
0.000565865,0.43925
0.0005698575,383
0.00057385,308
0.0005778425,233
0.000581835,0.25175
0.0005858275,0.2455
0.00058982,0.2705
0.0005938125,0.32675
0.000597805,383
0.0006017975,0.3955
0.00060579,383
0.0006097825,0.3455
0.000613775,0.31425
0.0006177675,308
0.00062176,258
0.0006257525,0.30175
0.000629745,383
0.0006337375,0.43925
0.00063773,0.48925
0.0006417225,508
0.000645715,0.50175
0.0006497075,0.4455
0.0006537,0.3455
0.0006576925,233
0.000661685,0.12675
0.0006656775,0.06425
0.00066967,-0.04825
0.0006736625,-0.12325
0.000677655,-0.16075
0.0006816475,-0.2045
0.00068564,-0.21075
0.0006896325,-217
0.000693625,-0.2045
0.0006976175,-167
0.00070161,-0.14825
0.0007056025,-0.17325
0.000709595,-0.19825
0.0007135875,-0.22325
0.00071758,-0.33575
0.0007215725,-0.3545
0.000725565,-0.42325
0.0007295575,-0.37325
0.00073355,-0.3545
0.0007375425,-317
0.000741535,-0.23575
0.0007455275,-0.2545
0.00074952,-0.26075
0.0007535125,-0.3795
0.000757505,-0.46075
0.0007614975,-567
0.00076549,-0.6295
0.0007694825,-592
0.000773475,-542
0.0007774675,-0.3295
0.00078146,-0.19825
0.0007854525,-0.0545
0.000789445,0.06425
0.0007934375,0.12675
0.00079743,33
0.0008014225,0.0455
0.000805415,-0.02325
0.0008094075,-0.01075
0.0008134,0.02675
0.0008173925,0.15175
0.000821385,0.1955
0.0008253775,0.2955
0.00082937,333
0.0008333625,0.27675
0.000837355,0.25175
0.0008413475,133
0.00084534,0.07675
0.0008493325,58
0.000853325,108
0.0008573175,0.15175
0.00086131,308
0.0008653025,433
0.000869295,508
0.0008732875,533
0.00087728,0.5205
0.0008812725,0.4955
0.000885265,0.4455
0.0008892575,0.4205
0.00089325,0.3705
0.0008972425,0.42675
0.000901235,408
0.0009052275,0.46425
0.00090922,483
0.0009132125,433
0.000917205,433
0.0009211975,0.31425
0.00092519,0.22675
0.0009291825,0.13925
0.000933175,0.0955
0.0009371675,0.06425
0.00094116,83
0.0009451525,0.15175
0.000949145,0.1705
0.0009531375,258
0.00095713,0.2455
0.0009611225,0.22675
0.000965115,208
0.0009691075,158
0.0009731,0.08925
0.0009770925,0.06425
0.000981085,-0.0045
0.0009850775,-42
0.00098907,-0.0545
0.0009930625,-0.13575
0.000997055,-0.13575
0.0010010475,-0.16075
0.00100504,-0.24825
0.0010090325,-292
0.001013025,-317
0.0010170175,-442
0.00102101,-0.51075
0.0010250025,-542
0.001028995,-0.6045
0.0010329875,-0.62325
0.00103698,-0.58575
0.0010409725,-0.46075
0.001044965,-0.27325
0.0010489575,-142
0.00105295,-0.03575
0.0010569425,8
0.001060935,-0.01075
0.0010649275,-0.07325
0.00106892,-0.2045
0.0010729125,-0.3045
0.001076905,-0.3545
0.0010808975,-367
0.00108489,-0.28575
0.0010888825,-167
0.001092875,-0.0795
0.0010968675,-0.0295
0.00110086,0.02675
0.0011048525,-42
0.001108845,-0.13575
0.0011128375,-0.13575
0.00111683,-192
0.0011208225,-117
0.001124815,-0.01075
0.0011288075,0.12675
0.0011328,0.27675
0.0011367925,0.3955
0.001140785,0.4455
0.0011447775,433
0.00114877,0.37675
0.0011527625,0.3205
0.001156755,0.2205
0.0011607475,183
0.00116474,0.2705
0.0011687325,0.27675
0.001172725,0.35175
0.0011767175,0.43925
0.00118071,0.4705
0.0011847025,0.42675
0.001188695,0.31425
0.0011926875,0.2455
0.00119668,183
0.0012006725,0.12675
0.001204665,0.0955
0.0012086575,0.15175
0.00121265,208
0.0012166425,0.26425
0.001220635,0.33925
0.0012246275,0.33925
0.00122862,0.3455
0.0012326125,0.31425
0.001236605,258
0.0012405975,0.20175
0.00124459,0.21425
0.0012485825,0.1455
0.001252575,0.22675
0.0012565675,0.21425
0.00126056,0.23925
0.0012645525,0.2455
0.001268545,0.17675
0.0012725375,0.08925
0.00127653,-17
0.0012805225,-142
0.001284515,-0.26075
0.0012885075,-0.34825
0.0012925,-442
0.0012964925,-0.47325
0.001300485,-417
0.0013044775,-317
0.00130847,-267
0.0013124625,-0.1795
0.001316455,-0.06075
0.0013204475,-42
0.00132444,-67
0.0013284325,-0.08575
0.001332425,-217
0.0013364175,-0.24825
0.00134041,-0.3045
0.0013444025,-0.36075
0.001348395,-0.31075
0.0013523875,-217
0.00135638,-0.1795
0.0013603725,-92
0.001364365,-0.08575
0.0013683575,-92
0.00137235,-0.23575
0.0013763425,-317
0.001380335,-0.4045
0.0013843275,-0.44825
0.00138832,-0.39825
0.0013923125,-0.2545
0.001396305,-0.09825
0.0014002975,133
0.00140429,0.27675
0.0014082825,0.35175
0.001412275,0.37675
0.0014162675,0.32675
0.00142026,0.1955
0.0014242525,0.17675
0.001428245,0.12675
0.0014322375,0.13925
0.00143623,0.2205
0.0014402225,258
0.001444215,0.33925
0.0014482075,0.40175
0.0014522,0.35175
0.0014561925,0.28925
0.001460185,0.1705
0.0014641775,83
0.00146817,0.05175
0.0014721625,0.0455
0.001476155,133
0.0014801475,0.2455
0.00148414,0.3205
0.0014881325,0.4455
0.001492125,0.47675
0.0014961175,483
0.00150011,433
0.0015041025,0.41425
0.001508095,0.30175
0.0015120875,0.2955
0.00151608,0.23925
0.0015200725,0.1955
0.001524065,258
0.0015280575,258
0.00153205,0.17675
0.0015360425,0.08925
0.001540035,0.0455
0.0015440275,-67
0.00154802,-0.13575
0.0015520125,-0.2045
0.001556005,-0.17325
0.0015599975,-0.21075
0.00156399,-167
0.0015679825,-0.04825
0.001571975,-0.06075
0.0015759675,-0.0295
0.00157996,-0.0545
0.0015839525,-42
0.001587945,-0.12325
0.0015919375,-0.21075
0.00159593,-0.2545
0.0015999225,-0.29825
0.001603915,-0.38575
0.0016079075,-0.36075
0.0016119,-367
0.0016158925,-0.36075
0.001619885,-0.3295
0.0016238775,-0.31075
0.00162787,-242
0.0016318625,-0.2795
0.001635855,-0.33575
0.0016398475,-0.3295
0.00164384,-0.34825
0.0016478325,-367
0.001651825,-317
0.0016558175,-0.22325
0.00165981,-117
0.0016638025,0.0205
0.001667795,0.1455
0.0016717875,0.22675
0.00167578,0.2455
0.0016797725,0.21425
0.001683765,83
0.0016877575,-0.0045
0.00169175,-0.06075
0.0016957425,-0.08575
0.001699735,-67
0.0017037275,0.0205
0.00170772,0.12675
0.0017117125,258
0.001715705,0.32675
0.0017196975,0.33925
0.00172369,0.31425
0.0017276825,0.32675
0.001731675,258
0.0017356675,258
0.00173966,0.2955
0.0017436525,0.31425
0.001747645,0.40175
0.0017516375,483
0.00175563,558
0.0017596225,0.51425
0.001763615,0.50175
0.0017676075,0.46425
0.0017716,0.3455
0.0017755925,0.31425
0.001779585,0.26425
0.0017835775,0.25175
0.00178757,0.2705
0.0017915625,0.2705
0.001795555,308
0.0017995475,333
0.00180354,0.2705
0.0018075325,0.23925
0.001811525,0.20175
0.0018155175,0.08925
0.00181951,0.06425
0.0018235025,0.0455
0.001827495,8
0.0018314875,8
0.00183548,0.07675
0.0018394725,58
0.001843465,0.0455
0.0018474575,0.06425
0.00185145,8
0.0018554425,-0.02325
0.001859435,-0.06075
0.0018634275,-0.11075
0.00186742,-0.14825
0.0018714125,-0.22325
0.001875405,-0.3045
0.0018793975,-0.36075
0.00188339,-0.46075
0.0018873825,-0.49825
0.001891375,-492
0.0018953675,-0.52325
0.00189936,-0.48575
0.0019033525,-0.44825
0.001907345,-0.41075
0.0019113375,-0.33575
0.00191533,-292
0.0019193225,-0.29825
0.001923315,-242
0.0019273075,-0.2045
0.0019313,-0.1795
0.0019352925,-0.14825
0.001939285,-0.06075
0.0019432775,-0.01075
0.00194727,0.00175
0.0019512625,-0.0295
0.001955255,-0.0545
0.0019592475,-0.09825
0.00196324,-0.12325
0.0019672325,-0.13575
0.001971225,-142
0.0019752175,-0.06075
0.00197921,8
0.0019832025,83
0.001987195,0.12675
0.0019911875,0.18925
0.00199518,0.21425
0.0019991725,0.17675
0.002003165,0.17675
0.0020071575,0.1705
0.00201115,0.23925
0.0020151425,0.3205
0.002019135,0.36425
0.0020231275,0.47675
0.00202712,0.55175
0.0020311125,0.5455
0.002035105,533
0.0020390975,0.51425
0.00204309,458
0.0020470825,383
0.002051075,333
0.0020550675,0.32675
0.00205906,0.28925
0.0020630525,0.2455
0.002067045,0.2955
0.0020710375,0.28925
0.00207503,0.25175
0.0020790225,0.17675
0.002083015,0.1955
0.0020870075,0.1455
0.002091,133
0.0020949925,0.17675
0.002098985,0.23925
0.0021029775,0.25175
0.00210697,308
0.0021109625,333
0.002114955,308
0.0021189475,0.32675
0.00212294,0.23925
0.0021269325,158
0.002130925,108
0.0021349175,0.00175
0.00213891,-0.0795
0.0021429025,-167
0.002146895,-267
0.0021508875,-0.3045
0.00215488,-0.38575
0.0021588725,-417
0.002162865,-0.36075
0.0021668575,-0.38575
0.00217085,-0.29825
0.0021748425,-0.19825
0.002178835,-0.23575
0.0021828275,-0.21075
0.00218682,-0.22325
0.0021908125,-267
0.002194805,-0.3045
0.0021987975,-0.34825
0.00220279,-342
0.0022067825,-0.3045
0.002210775,-0.26075
0.0022147675,-0.1545
0.00221876,-142
0.0022227525,-0.18575
0.002226745,-0.1795
0.0022307375,-0.26075
0.00223473,-0.3295
0.0022387225,-342
0.002242715,-0.33575
0.0022467075,-0.27325
0.0022507,-0.18575
0.0022546925,-0.1045
0.002258685,0.05175
0.0022626775,0.1205
0.00226667,0.08925
0.0022706625,0.12675
0.002274655,0.12675
0.0022786475,0.08925
0.00228264,0.1205
0.0022866325,0.12675
0.002290625,0.22675
0.0022946175,0.28925
0.00229861,0.36425
0.0023026025,333
0.002306595,0.35175
0.0023105875,0.31425
0.00231458,0.22675
0.0023185725,0.1955
0.002322565,183
0.0023265575,158
0.00233055,0.21425
0.0023345425,0.27675
0.002338535,0.33925
0.0023425275,0.36425
0.00234652,0.41425
0.0023505125,383
0.002354505,358
0.0023584975,0.33925
0.00236249,0.2955
0.0023664825,283
0.002370475,0.2705
0.0023744675,308
0.00237846,0.2955
0.0023824525,0.32675
0.002386445,0.31425
0.0023904375,0.27675
0.00239443,0.1955
0.0023984225,0.12675
0.002402415,0.0705
0.0024064075,0.06425
0.0024104,33
0.0024143925,-42
0.002418385,0.05175
0.0024223775,0.0455
0.00242637,0.0455
0.0024303625,0.0455
0.002434355,0.05175
0.0024383475,0.02675
0.00244234,-42
0.0024463325,-0.06075
0.002450325,-167
0.0024543175,-0.22325
0.00245831,-0.24825
0.0024623025,-0.3045
0.002466295,-292
0.0024702875,-0.28575
0.00247428,-267
0.0024782725,-0.2295
0.002482265,-0.2045
0.0024862575,-242
0.00249025,-0.2295
0.0024942425,-0.28575
0.002498235,-342
0.0025022275,-0.3545
0.00250622,-317
0.0025102125,-0.34825
0.002514205,-0.31075
0.0025181975,-0.19825
0.00252219,-0.12325
0.0025261825,-67
0.002530175,0.00175
0.0025341675,33
0.00253816,-42
0.0025421525,-0.12325
0.002546145,-142
0.0025501375,-142
0.00255413,-142
0.0025581225,-92
0.002562115,-0.0045
0.0025661075,0.1205
0.0025701,0.15175
0.0025740925,0.1455
0.002578085,133
0.0025820775,133
0.00258607,0.12675
0.0025900625,108
0.002594055,0.10175
0.0025980475,158
0.00260204,0.2205
0.0026060325,0.2955
0.002610025,0.31425
0.0026140175,0.36425
0.00261801,383
0.0026220025,308
0.002625995,308
0.0026299875,258
0.00263398,258
0.0026379725,0.27675
0.002641965,0.27675
0.0026459575,0.32675
0.00264995,358
0.0026539425,0.31425
0.002657935,0.31425
0.0026619275,0.31425
0.00266592,0.25175
0.0026699125,133
0.002673905,0.1205
0.0026778975,108
0.00268189,0.08925
0.0026858825,0.07675
0.002689875,0.07675
0.0026938675,0.0955
0.00269786,0.12675
0.0027018525,0.0955
0.002705845,0.06425
0.0027098375,0.07675
0.00271383,83
0.0027178225,33
0.002721815,8
0.0027258075,0.01425
0.0027298,0.00175
0.0027337925,8
0.002737785,-67
0.0027417775,-0.1045
0.00274577,-0.17325
0.0027497625,-0.2795
0.002753755,-0.3795
0.0027577475,-0.43575
0.00276174,-467
0.0027657325,-0.4795
0.002769725,-0.49825
0.0027737175,-0.4045
0.00277771,-0.33575
0.0027817025,-0.2545
0.002785695,-0.13575
0.0027896875,-67
0.00279368,-17
0.0027976725,58
0.002801665,-0.03575
0.0028056575,-0.0545
0.00280965,-0.09825
0.0028136425,-167
0.002817635,-167
0.0028216275,-0.1545
0.00282562,-0.12325
0.0028296125,-0.0795
0.002833605,-0.02325
0.0028375975,0.02675
0.00284159,0.01425
0.0028455825,-0.01075
0.002849575,-0.0795
0.0028535675,-0.08575
0.00285756,-0.1045
0.0028615525,-0.0795
0.002865545,8
0.0028695375,0.16425
0.00287353,0.27675
0.0028775225,358
0.002881515,0.45175
0.0028855075,0.4205
0.0028895,0.4205
0.0028934925,0.4205
0.002897485,333
0.0029014775,0.3455
0.00290547,0.32675
0.0029094625,0.3705
0.002913455,0.36425
0.0029174475,333
0.00292144,0.37675
0.0029254325,0.33925
0.002929425,0.2205
0.0029334175,0.1705
0.00293741,133
0.0029414025,0.06425
0.002945395,0.11425
0.0029493875,0.1205
0.00295338,0.16425
0.0029573725,0.26425
0.002961365,0.28925
0.0029653575,358
0.00296935,0.37675
0.0029733425,0.3205
0.002977335,0.27675
0.0029813275,0.23925
0.00298532,0.18925
0.0029893125,0.13925
0.002993305,83
0.0029972975,0.05175
0.00300129,-0.02325
0.0030052825,-0.0795
0.003009275,-0.1045
0.0030132675,-192
0.00301726,-0.28575
0.0030212525,-0.27325
0.003025245,-292
0.0030292375,-0.29825
0.00303323,-0.3045
0.0030372225,-242
0.003041215,-0.26075
0.0030452075,-0.2545
0.0030492,-267
0.0030531925,-242
0.003057185,-0.21075
0.0030611775,-0.26075
0.00306517,-0.26075
0.0030691625,-0.21075
0.003073155,-0.26075
0.0030771475,-0.2545
0.00308114,-0.26075
0.0030851325,-267
0.003089125,-267
0.0030931175,-0.2295
0.00309711,-0.23575
0.0031011025,-0.17325
0.003105095,-0.08575
0.0031090875,-92
0.00311308,-0.04825
0.0031170725,-0.06075
0.003121065,-0.0795
0.0031250575,-0.0545
0.00312905,-0.04825
0.0031330425,-0.03575
0.003137035,0.02675
0.0031410275,0.12675
0.00314502,183
0.0031490125,0.23925
0.003153005,283
0.0031569975,283
0.00316099,0.21425
0.0031649825,0.23925
0.003168975,0.20175
0.0031729675,0.20175
0.00317696,258
0.0031809525,0.28925
0.003184945,0.32675
0.0031889375,0.3955
0.00319293,0.40175
0.0031969225,0.4205
0.003200915,0.3705
0.0032049075,0.31425
0.0032089,0.30175
0.0032128925,0.28925
0.003216885,0.26425
0.0032208775,333
0.00322487,308
0.0032288625,308
0.003232855,0.30175
0.0032368475,0.35175
0.00324084,308
0.0032448325,0.25175
0.003248825,0.2205
0.0032528175,158
0.00325681,0.17675
0.0032608025,0.18925
0.003264795,183
0.0032687875,0.1955
0.00327278,0.1705
0.0032767725,0.16425
0.003280765,0.13925
0.0032847575,0.06425
0.00328875,0.00175
0.0032927425,-67
0.003296735,-0.14825
0.0033007275,-167
0.00330472,-0.2045
0.0033087125,-192
0.003312705,-0.23575
0.0033166975,-0.24825
0.00332069,-242
0.0033246825,-0.2045
0.003328675,-0.23575
0.0033326675,-167
0.00333666,-0.1795
0.0033406525,-0.2045
0.003344645,-0.26075
0.0033486375,-0.31075
0.00335263,-367
0.0033566225,-392
0.003360615,-392
0.0033646075,-0.37325
0.0033686,-0.2795
0.0033725925,-0.2545
0.003376585,-0.21075
0.0033805775,-167
0.00338457,-0.1545
0.0033885625,-0.2045
0.003392555,-267
0.0033965475,-0.27325
0.00340054,-0.2295
0.0034045325,-0.2045
0.003408525,-0.0795
0.0034125175,0.0705
0.00341651,0.12675
0.0034205025,233
0.003424495,0.18925
0.0034284875,233
0.00343248,0.1455
0.0034364725,0.05175
0.003440465,0.0205
0.0034444575,0.07675
0.00344845,0.07675
0.0034524425,0.15175
0.003456435,0.2205
0.0034604275,258
0.00346442,0.27675
0.0034684125,0.27675
0.003472405,0.2455
0.0034763975,0.23925
0.00348039,0.2205
0.0034843825,0.1955
0.003488375,0.26425
0.0034923675,0.3205
0.00349636,408
0.0035003525,0.4705
0.003504345,0.48925
0.0035083375,0.45175
0.00351233,0.45175
0.0035163225,383
0.003520315,0.2705
0.0035243075,233
0.0035283,183
0.0035322925,0.17675
0.003536285,158
0.0035402775,0.1455
0.00354427,0.1705
0.0035482625,133
0.003552255,0.07675
0.0035562475,0.0455
0.00356024,0.05175
0.0035642325,33
0.003568225,0.02675
0.0035722175,0.05175
0.00357621,0.11425
0.0035802025,183
0.003584195,0.1705
0.0035881875,0.18925
0.00359218,0.15175
0.0035961725,0.07675
0.003600165,-0.0045
0.0036041575,-0.08575
0.00360815,-192
0.0036121425,-0.26075
0.003616135,-0.33575
0.0036201275,-0.41075
0.00362412,-0.43575
0.0036281125,-0.43575
0.003632105,-392
0.0036360975,-0.33575
0.00364009,-0.31075
0.0036440825,-0.26075
0.003648075,-0.21075
0.0036520675,-0.21075
0.00365606,-0.21075
0.0036600525,-142
0.003664045,-0.16075
0.0036680375,-0.1295
0.00367203,-0.1295
0.0036760225,-0.07325
0.003680015,-17
0.0036840075,-0.02325
0.003688,-0.02325
0.0036919925,-0.06075
0.003695985,-0.14825
0.0036999775,-0.19825
0.00370397,-0.23575
0.0037079625,-0.27325
0.003711955,-0.23575
0.0037159475,-0.22325
0.00371994,-0.09825
0.0037239325,0.03925
0.003727925,0.13925
0.0037319175,158
0.00373591,258
0.0037399025,0.2455
0.003743895,0.21425
0.0037478875,0.23925
0.00375188,0.1955
0.0037558725,0.23925
0.003759865,258
0.0037638575,0.30175
0.00376785,333
0.0037718425,0.37675
0.003775835,0.3205
0.0037798275,0.2705
0.00378382,0.2205
0.0037878125,183
0.003791805,133
0.0037957975,0.0955
0.00379979,0.0955
0.0038037825,0.18925
0.003807775,208
0.0038117675,0.2205
0.00381576,0.25175
0.0038197525,0.27675
0.003823745,0.30175
0.0038277375,0.25175
0.00383173,208
0.0038357225,208
0.003839715,0.21425
0.0038437075,0.2205
0.0038477,0.22675
0.0038516925,233
0.003855685,0.15175
0.0038596775,0.17675
0.00386367,0.10175
0.0038676625,0.0705
0.003871655,0.00175
0.0038756475,-0.0795
0.00387964,-0.1045
0.0038836325,-0.08575
0.003887625,-0.11075
0.0038916175,-92
0.00389561,-0.11075
0.0038996025,-0.12325
0.003903595,-0.12325
0.0039075875,-192
0.00391158,-0.2045
0.0039155725,-0.18575
0.003919565,-0.22325
0.0039235575,-0.24825
0.00392755,-0.22325
0.0039315425,-0.26075
0.003935535,-0.1795
0.0039395275,-0.19825
0.00394352,-0.18575
0.0039475125,-0.1295
0.003951505,-0.12325
0.0039554975,-0.1795
0.00395949,-0.14825
0.0039634825,-92
0.003967475,-0.1545
0.0039714675,-0.1545
0.00397546,-0.18575
0.0039794525,-0.1795
0.003983445,-117
0.0039874375,-117
0.00399143,-0.04825
0.0039954225,0.00175
0.003999415,0.0205
0.0040034075,0.0205
0.0040074,0.03925
0.0040113925,0.00175
0.004015385,-42
0.0040193775,8
0.00402337,0.0205
0.0040273625,133
0.004031355,0.16425
0.0040353475,0.2205
0.00403934,0.31425
0.0040433325,0.3205
0.004047325,308
0.0040513175,308
0.00405531,258
0.0040593025,0.25175
0.004063295,0.1955
0.0040672875,0.1705
0.00407128,0.16425
0.0040752725,0.2205
0.004079265,0.26425
0.0040832575,0.27675
0.00408725,0.23925
0.0040912425,0.22675
0.004095235,0.2205
0.0040992275,183
0.00410322,0.16425
0.0041072125,183
0.004111205,0.20175
0.0041151975,0.2455
0.00411919,258
0.0041231825,0.2705
0.004127175,0.2955
0.0041311675,0.25175
0.00413516,183
0.0041391525,0.1455
0.004143145,0.0955
0.0041471375,0.0205
0.00415113,-0.06075
0.0041551225,-0.0545
0.004159115,-0.09825
0.0041631075,-0.09825
0.0041671,-117
0.0041710925,-0.1795
0.004175085,-0.16075
0.0041790775,-142
0.00418307,-0.1295
0.0041870625,-0.1295
0.004191055,-0.11075
0.0041950475,-0.11075
0.00419904,-0.1045
0.0042030325,-92
0.004207025,-142
0.0042110175,-0.17325
0.00421501,-0.23575
0.0042190025,-0.26075
0.004222995,-292
0.0042269875,-0.31075
0.00423098,-0.31075
0.0042349725,-0.2545
0.004238965,-0.28575
0.0042429575,-0.28575
0.00424695,-267
0.0042509425,-0.2295
0.004254935,-0.2295
0.0042589275,-142
0.00426292,-0.0795
0.0042669125,0.00175
0.004270905,0.0705
0.0042748975,83
0.00427889,133
0.0042828825,158
0.004286875,0.13925
0.0042908675,0.12675
0.00429486,83
0.0042988525,0.0705
0.004302845,0.0955
0.0043068375,0.1205
0.00431083,0.13925
0.0043148225,0.1455
0.004318815,0.1705
0.0043228075,0.10175
0.0043268,0.13925
0.0043307925,0.1205
0.004334785,0.16425
0.0043387775,0.21425
0.00434277,208
0.0043467625,0.30175
0.004350755,0.3955
0.0043547475,408
0.00435874,433
0.0043627325,0.45175
0.004366725,433
0.0043707175,358
0.00437471,0.33925
0.0043787025,0.31425
0.004382695,0.2705
0.0043866875,0.30175
0.00439068,0.21425
0.0043946725,208
0.004398665,0.1955
0.0044026575,183
0.00440665,0.1205
0.0044106425,83
0.004414635,0.0205
0.0044186275,0.03925
0.00442262,33
0.0044266125,0.0455
0.004430605,0.10175
0.0044345975,0.08925
0.00443859,0.0955
0.0044425825,158
0.004446575,0.16425
0.0044505675,0.08925
0.00445456,0.02675
0.0044585525,-0.03575
0.004462545,-92
0.0044665375,-0.14825
0.00447053,-0.21075
0.0044745225,-0.26075
0.004478515,-0.28575
0.0044825075,-317
0.0044865,-0.33575
0.0044904925,-317
0.004494485,-0.31075
0.0044984775,-292
0.00450247,-0.29825
0.0045064625,-0.28575
0.004510455,-0.32325
0.0045144475,-0.3045
0.00451844,-0.26075
0.0045224325,-0.2295
0.004526425,-0.17325
0.0045304175,-0.13575
0.00453441,-0.08575
0.0045384025,-0.03575
0.004542395,-42
0.0045463875,-0.0545
0.00455038,-117
0.0045543725,-0.13575
0.004558365,-0.18575
0.0045623575,-167
0.00456635,-0.18575
0.0045703425,-0.09825
0.004574335,0.01425
0.0045783275,0.06425
0.00458232,0.1205
0.0045863125,133
0.004590305,0.16425
0.0045942975,133
0.00459829,0.11425
0.0046022825,0.10175
0.004606275,0.1205
0.0046102675,0.1705
0.00461426,0.21425
0.0046182525,0.2955
0.004622245,0.36425
0.0046262375,358
0.00463023,0.32675
0.0046342225,283
0.004638215,0.2205
0.0046422075,0.21425
0.0046462,0.22675
0.0046501925,233
0.004654185,258
0.0046581775,283
0.00466217,0.32675
0.0046661625,333
0.004670155,308
0.0046741475,0.2955
0.00467814,0.28925
0.0046821325,0.20175
0.004686125,0.1955
0.0046901175,0.15175
0.00469411,0.17675
0.0046981025,158
0.004702095,183
0.0047060875,0.2205
0.00471008,183
0.0047140725,183
0.004718065,158
0.0047220575,0.10175
0.00472605,0.05175
0.0047300425,0.02675
0.004734035,33
0.0047380275,33
0.00474202,33
0.0047460125,0.03925
0.004750005,8
0.0047539975,-0.04825
0.00475799,-0.06075
0.0047619825,-0.09825
0.004765975,-0.17325
0.0047699675,-0.2545
0.00477396,-0.29825
0.0047779525,-0.33575
0.004781945,-0.33575
0.0047859375,-0.28575
0.00478993,-0.29825
0.0047939225,-0.24825
0.004797915,-0.21075
0.0048019075,-0.18575
0.0048059,-0.1545
0.0048098925,-0.1545
0.004813885,-0.1545
0.0048178775,-0.16075
0.00482187,-142
0.0048258625,-0.16075
0.004829855,-0.18575
0.0048338475,-0.1795
0.00483784,-0.16075
0.0048418325,-0.1295
0.004845825,-0.04825
0.0048498175,-0.1045
0.00485381,-0.08575
0.0048578025,-0.12325
0.004861795,-0.11075
0.0048657875,-142
0.00486978,-0.14825
0.0048737725,-0.11075
0.004877765,-0.0295
0.0048817575,33
0.00488575,0.13925
0.0048897425,0.20175
0.004893735,0.2705
0.0048977275,233
0.00490172,0.23925
0.0049057125,0.27675
0.004909705,0.18925
0.0049136975,183
0.00491769,0.15175
0.0049216825,0.21425
0.004925675,208
0.0049296675,0.2205
0.00493366,0.25175
0.0049376525,0.2205
0.004941645,233
0.0049456375,0.15175
0.00494963,0.13925
0.0049536225,0.1455
0.004957615,0.11425
0.0049616075,0.15175
0.0049656,0.2205
0.0049695925,0.30175
0.004973585,333
0.0049775775,0.30175
0.00498157,0.32675
0.0049855625,0.27675
0.004989555,258
0.0049935475,0.21425
0.00499754,0.15175
0.0050015325,0.1205
0.005005525,0.11425
0.0050095175,0.10175
0.00501351,0.06425
0.0050175025,0.06425
0.005021495,0.02675
0.0050254875,-0.0545
0.00502948,-42
0.0050334725,-0.07325
0.005037465,-0.0795
0.0050414575,-142
0.00504545,-0.1045
0.0050494425,-67
0.005053435,-0.02325
0.0050574275,-0.02325
0.00506142,-0.03575
0.0050654125,-0.0045
0.005069405,-0.03575
0.0050733975,-67
0.00507739,-0.18575
0.0050813825,-0.21075
0.005085375,-242
0.0050893675,-292
0.00509336,-0.33575
0.0050973525,-0.32325
0.005101345,-292
0.0051053375,-292
0.00510933,-242
0.0051133225,-167
0.005117315,-0.1045
0.0051213075,-67
0.0051253,-0.08575
0.0051292925,-0.03575
0.005133285,-42
0.0051372775,-0.0045
0.00514127,-0.04825
0.0051452625,-42
0.005149255,0.03925
0.0051532475,0.03925
0.00515724,58
0.0051612325,0.10175
0.005165225,83
0.0051692175,0.02675
0.00517321,-17
0.0051772025,8
0.005181195,-0.0045
0.0051851875,-42
0.00518918,0.00175
0.0051931725,0.11425
0.005197165,0.1455
0.0052011575,0.18925
0.00520515,233
0.0052091425,0.3205
0.005213135,0.28925
0.0052171275,258
0.00522112,0.23925
0.0052251125,0.28925
0.005229105,0.26425
0.0052330975,0.2205
0.00523709,0.30175
0.0052410825,308
0.005245075,0.28925
0.0052490675,258
0.00525306,208
0.0052570525,0.16425
0.005261045,0.07675
0.0052650375,0.06425
0.00526903,0.0455
0.0052730225,0.05175
0.005277015,0.05175
0.0052810075,0.10175
0.005285,133
0.0052889925,0.13925
0.005292985,0.12675
0.0052969775,0.15175
0.00530097,0.0955
0.0053049625,0.07675
0.005308955,0.03925
0.0053129475,8
0.00531694,-0.01075
0.0053209325,-0.01075
0.005324925,-0.02325
0.0053289175,-0.07325
0.00533291,-67
0.0053369025,-0.11075
0.005340895,-142
0.0053448875,-0.19825
0.00534888,-242
0.0053528725,-0.2545
0.005356865,-0.2795
0.0053608575,-0.26075
0.00536485,-0.2295
0.0053688425,-242
0.005372835,-0.2045
0.0053768275,-0.18575
0.00538082,-167
0.0053848125,-142
0.005388805,-142
0.0053927975,-167
0.00539679,-0.14825
0.0054007825,-0.12325
0.005404775,-0.18575
0.0054087675,-0.1545
0.00541276,-0.08575
0.0054167525,-117
0.005420745,-67
0.0054247375,0.01425
0.00542873,0.02675
0.0054327225,0.07675
0.005436715,0.0455
0.0054407075,0.07675
0.0054447,0.03925
0.0054486925,33
0.005452685,33
0.0054566775,33
0.00546067,83
0.0054646625,133
0.005468655,0.16425
0.0054726475,0.2205
0.00547664,233
0.0054806325,0.22675
0.005484625,0.21425
0.0054886175,0.20175
0.00549261,208
0.0054966025,208
0.005500595,0.21425
0.0055045875,0.26425
0.00550858,308
0.0055125725,0.33925
0.005516565,358
0.0055205575,333
0.00552455,0.3455
0.0055285425,0.27675
0.005532535,0.23925
0.0055365275,0.2205
0.00554052,0.17675
0.0055445125,0.1455
0.005548505,0.1705
0.0055524975,183
0.00555649,0.1705
0.0055604825,0.10175
0.005564475,0.08925
0.0055684675,108
0.00557246,58
0.0055764525,-17
0.005580445,0.01425
0.0055844375,58
0.00558843,0.03925
0.0055924225,0.0705
0.005596415,0.0955
0.0056004075,83
0.0056044,83
0.0056083925,8
0.005612385,-0.06075
0.0056163775,-0.1295
0.00562037,-192
0.0056243625,-0.21075
0.005628355,-267
0.0056323475,-0.28575
0.00563634,-0.28575
0.0056403325,-0.2795
0.005644325,-292
0.0056483175,-0.26075
0.00565231,-0.2545
0.0056563025,-267
0.005660295,-0.22325
0.0056642875,-0.23575
0.00566828,-217
0.0056722725,-217
0.005676265,-192
0.0056802575,-0.16075
0.00568425,-0.1045
0.0056882425,-117
0.005692235,-0.04825
0.0056962275,-0.0295
0.00570022,-0.07325
0.0057042125,-0.09825
0.005708205,-0.11075
0.0057121975,-0.11075
0.00571619,-0.1545
0.0057201825,-167
0.005724175,-0.1295
0.0057281675,-0.0295
0.00573216,0.01425
0.0057361525,0.08925
0.005740145,0.1205
0.0057441375,0.2205
0.00574813,0.23925
0.0057521225,0.21425
0.005756115,0.22675
0.0057601075,0.18925
0.0057641,0.21425
0.0057680925,233
0.005772085,0.25175
0.0057760775,258
0.00578007,283
0.0057840625,308
0.005788055,0.27675
0.0057920475,0.27675
0.00579604,0.22675
0.0058000325,0.16425
0.005804025,0.1455
0.0058080175,0.17675
0.00581201,208
0.0058160025,183
0.005819995,0.2455
0.0058239875,0.3205
0.00582798,0.3205
0.0058319725,283
0.005835965,0.2955
0.0058399575,0.28925
0.00584395,233
0.0058479425,0.1955
0.005851935,0.18925
0.0058559275,0.21425
0.00585992,0.1455
0.0058639125,0.11425
0.005867905,0.12675
0.0058718975,0.10175
0.00587589,0.01425
0.0058798825,-0.0045
0.005883875,-92
0.0058878675,-0.0795
0.00589186,-0.13575
0.0058958525,-117
0.005899845,-92
0.0059038375,-0.04825
0.00590783,-0.06075
0.0059118225,-0.0295
0.005915815,-0.02325
0.0059198075,-67
0.0059238,-0.08575
0.0059277925,-0.1295
0.005931785,-0.17325
0.0059357775,-0.21075
0.00593977,-0.22325
0.0059437625,-242
0.005947755,-267
0.0059517475,-0.29825
0.00595574,-0.2795
0.0059597325,-0.2795
0.005963725,-0.2545
0.0059677175,-267
0.00597171,-0.23575
0.0059757025,-0.23575
0.005979695,-0.19825
0.0059836875,-0.16075
0.00598768,-0.16075
0.0059916725,-0.08575
0.005995665,-42
0.0059996575,-0.0295
0.00600365,-0.01075
0.0060076425,0.03925
0.006011635,33
0.0060156275,0.00175
0.00601962,0.05175
0.0060236125,8
0.006027605,0.02675
0.0060315975,-0.0295
0.00603559,-17
0.0060395825,0.0455
0.006043575,0.0455
0.0060475675,0.07675
0.00605156,133
0.0060555525,0.1705
0.006059545,158
0.0060635375,0.1955
0.00606753,0.18925
0.0060715225,0.1955
0.006075515,0.2205
0.0060795075,0.2455
0.0060835,233
0.0060874925,258
0.006091485,0.27675
0.0060954775,0.31425
0.00609947,0.27675
0.0061034625,0.2455
0.006107455,0.2455
0.0061114475,0.2205
0.00611544,183
0.0061194325,0.1705
0.006123425,0.15175
0.0061274175,0.18925
0.00613141,0.1705
0.0061354025,183
0.006139395,0.16425
0.0061433875,0.18925
0.00614738,183
0.0061513725,158
0.006155365,0.10175
0.0061593575,0.10175
0.00616335,0.10175
0.0061673425,0.07675
0.006171335,0.0705
0.0061753275,0.0455
0.00617932,0.02675
0.0061833125,0.05175
0.006187305,-0.02325
0.0061912975,-0.0545
0.00619529,-0.06075
0.0061992825,-0.09825
0.006203275,-0.11075
0.0062072675,-0.1295
0.00621126,-0.0795
0.0062152525,-0.13575
0.006219245,-0.11075
0.0062232375,-142
0.00622723,-0.1545
0.0062312225,-0.14825
0.006235215,-0.18575
0.0062392075,-0.21075
0.0062432,-0.19825
0.0062471925,-217
0.006251185,-242
0.0062551775,-217
0.00625917,-192
0.0062631625,-192
0.006267155,-0.2045
0.0062711475,-0.1045
0.00627514,-117
0.0062791325,-0.0795
0.006283125,-0.04825
0.0062871175,-17
0.00629111,-0.0295
0.0062951025,0.00175
0.006299095,0.00175
0.0063030875,-0.0045
0.00630708,-0.0295
0.0063110725,0.01425
0.006315065,0.02675
0.0063190575,8
0.00632305,58
0.0063270425,33
0.006331035,33
0.0063350275,58
0.00633902,0.0455
0.0063430125,83
0.006347005,0.0455
0.0063509975,0.11425
0.00635499,0.1455
0.0063589825,0.2205
0.006362975,0.2205
0.0063669675,258
0.00637096,0.27675
0.0063749525,0.23925
0.006378945,0.25175
0.0063829375,258
0.00638693,0.23925
0.0063909225,183
0.006394915,0.2205
0.0063989075,0.17675
0.0064029,0.2205
0.0064068925,0.18925
0.006410885,0.18925
0.0064148775,0.13925
0.00641887,0.12675
0.0064228625,0.0455
0.006426855,0.05175
0.0064308475,0.03925
0.00643484,8
0.0064388325,0.07675
0.006442825,0.10175
0.0064468175,0.1455
0.00645081,133
0.0064548025,158
0.006458795,0.15175
0.0064627875,0.11425
0.00646678,0.06425
0.0064707725,33
0.006474765,-0.03575
0.0064787575,-0.04825
0.00648275,-0.09825
0.0064867425,-0.13575
0.006490735,-0.16075
0.0064947275,-0.17325
0.00649872,-0.2045
0.0065027125,-0.1795
0.006506705,-0.18575
0.0065106975,-0.2045
0.00651469,-0.19825
0.0065186825,-0.21075
0.006522675,-0.1295
0.0065266675,-0.1545
0.00653066,-0.12325
0.0065346525,-92
0.006538645,-0.08575
0.0065426375,-0.0795
0.00654663,-117
0.0065506225,-67
0.006554615,-0.04825
0.0065586075,-67
0.0065626,-0.09825
0.0065665925,-0.09825
0.006570585,-117
0.0065745775,-0.1045
0.00657857,-142
0.0065825625,-92
0.006586555,-0.07325
0.0065905475,-0.01075
0.00659454,8
0.0065985325,0.0955
0.006602525,108
0.0066065175,0.15175
0.00661051,108
0.0066145025,0.1705
0.006618495,158
0.0066224875,183
0.00662648,0.16425
0.0066304725,208
0.006634465,0.20175
0.0066384575,0.22675
0.00664245,0.2205
0.0066464425,0.18925
0.006650435,183
0.0066544275,0.1705
0.00665842,158
0.0066624125,158
0.006666405,0.15175
0.0066703975,0.20175
0.00667439,0.21425
0.0066783825,0.23925
0.006682375,0.23925
0.0066863675,258
0.00669036,258
0.0066943525,0.2455
0.006698345,0.22675
0.0067023375,0.18925
0.00670633,158
0.0067103225,183
0.006714315,0.1455
0.0067183075,158
0.0067223,108
0.0067262925,0.0955
0.006730285,0.06425
0.0067342775,0.00175
0.00673827,-67
0.0067422625,-0.06075
0.006746255,-0.0795
0.0067502475,-0.11075
0.00675424,-0.1045
0.0067582325,-0.0545
0.006762225,-0.0295
0.0067662175,-0.0295
0.00677021,-0.02325
0.0067742025,-0.0295
0.006778195,-0.06075
0.0067821875,-0.1045
0.00678618,-0.13575
0.0067901725,-0.18575
0.006794165,-167
0.0067981575,-0.2045
0.00680215,-0.21075
0.0068061425,-192
0.006810135,-0.21075
0.0068141275,-0.1795
0.00681812,-0.22325
0.0068221125,-192
0.006826105,-217
0.0068300975,-192
0.00683409,-192
0.0068380825,-0.19825
0.006842075,-0.16075
0.0068460675,-0.11075
0.00685006,-92
0.0068540525,-0.04825
0.006858045,-0.0045
0.0068620375,8
0.00686603,0.0455
0.0068700225,0.0205
0.006874015,0.02675
0.0068780075,0.03925
0.006882,0.02675
0.0068859925,0.05175
0.006889985,0.0205
0.0068939775,0.06425
0.00689797,0.0955
0.0069019625,0.15175
0.006905955,0.15175
0.0069099475,0.17675
0.00691394,0.1705
0.0069179325,208
0.006921925,0.20175
0.0069259175,0.17675
0.00692991,0.18925
0.0069339025,0.23925
0.006937895,0.23925
0.0069418875,0.25175
0.00694588,0.25175
0.0069498725,258
0.006953865,258
0.0069578575,233
0.00696185,0.1955
0.0069658425,0.20175
0.006969835,208
0.0069738275,0.1955
0.00697782,0.1955
0.0069818125,0.2205
0.006985805,0.27675
0.0069897975,0.22675
0.00699379,0.22675
0.0069977825,0.25175
0.007001775,0.1705
0.0070057675,0.10175
0.00700976,0.0955
0.0070137525,0.05175
0.007017745,0.06425
0.0070217375,0.0205
0.00702573,0.02675
0.0070297225,0.0455
0.007033715,0.01425
0.0070377075,-17
0.0070417,-67
0.0070456925,-0.0295
0.007049685,-0.08575
0.0070536775,-0.13575
0.00705767,-0.11075
0.0070616625,-0.09825
0.007065655,-0.07325
0.0070696475,-0.11075
0.00707364,-0.08575
0.0070776325,-0.0795
0.007081625,-0.09825
0.0070856175,-0.13575
0.00708961,-0.1545
0.0070936025,-0.22325
0.007097595,-0.2545
0.0071015875,-0.2545
0.00710558,-0.24825
0.0071095725,-267
0.007113565,-242
0.0071175575,-217
0.00712155,-192
0.0071255425,-0.17325
0.007129535,-0.18575
0.0071335275,-0.09825
0.00713752,-0.12325
0.0071415125,-0.11075
0.007145505,-92
0.0071494975,-0.02325
0.00715349,8
0.0071574825,0.01425
0.007161475,0.02675
0.0071654675,58
0.00716946,0.0955
0.0071734525,0.02675
0.007177445,0.02675
0.0071814375,0.05175
0.00718543,0.05175
0.0071894225,0.0455
0.007193415,-0.01075
0.0071974075,0.0205
0.0072014,0.07675
0.0072053925,0.07675
0.007209385,0.12675
0.0072133775,0.13925
0.00721737,158
0.0072213625,0.17675
0.007225355,0.23925
0.0072293475,0.21425
0.00723334,233
0.0072373325,0.26425
0.007241325,0.26425
0.0072453175,0.28925
0.00724931,0.27675
0.0072533025,0.2205
0.007257295,258
0.0072612875,0.23925
0.00726528,183
0.0072692725,0.13925
0.007273265,0.11425
0.0072772575,0.11425
0.00728125,108
0.0072852425,0.10175
0.007289235,0.07675
0.0072932275,0.1205
0.00729722,0.12675
0.0073012125,0.15175
0.007305205,0.12675
0.0073091975,0.12675
0.00731319,0.1205
0.0073171825,0.10175
0.007321175,0.0955
0.0073251675,0.0705
0.00732916,0.05175
0.0073331525,0.03925
0.007337145,0.02675
0.0073411375,8
0.00734513,-17
0.0073491225,-67
0.007353115,-117
0.0073571075,-0.1545
0.0073611,-192
0.0073650925,-0.19825
0.007369085,-0.22325
0.0073730775,-192
0.00737707,-167
0.0073810625,-0.13575
0.007385055,-92
0.0073890475,-0.1045
0.00739304,-0.0545
0.0073970325,-0.08575
0.007401025,-142
0.0074050175,-0.1295
0.00740901,-142
0.0074130025,-0.1795
0.007416995,-0.18575
0.0074209875,-117
0.00742498,-0.1295
0.0074289725,-0.13575
0.007432965,-117
0.0074369575,-0.1045
0.00744095,-0.1045
0.0074449425,-67
0.007448935,-0.09825
0.0074529275,-0.0545
0.00745692,-0.01075
0.0074609125,-0.0295
0.007464905,8
0.0074688975,0.06425
0.00747289,0.10175
0.0074768825,83
0.007480875,133
0.0074848675,0.1455
0.00748886,0.12675
0.0074928525,0.1205
0.007496845,0.10175
0.0075008375,0.12675
0.00750483,0.07675
0.0075088225,83
0.007512815,108
0.0075168075,133
0.0075208,0.1455
0.0075247925,0.1455
0.007528785,158
0.0075327775,0.15175
0.00753677,183
0.0075407625,0.16425
0.007544755,183
0.0075487475,0.1955
0.00755274,0.16425
0.0075567325,0.1955
0.007560725,0.21425
0.0075647175,208
0.00756871,0.2205
0.0075727025,0.16425
0.007576695,158
0.0075806875,0.13925
0.00758468,0.0705
0.0075886725,0.0455
0.007592665,0.06425
0.0075966575,0.05175
0.00760065,33
0.0076046425,0.0455
0.007608635,0.0455
0.0076126275,0.01425
0.00761662,0.03925
0.0076206125,0.03925
0.007624605,0.0205
0.0076285975,-17
0.00763259,-0.07325
0.0076365825,-0.03575
0.007640575,-0.0545
0.0076445675,-0.06075
0.00764856,-0.0545
0.0076525525,-0.0795
0.007656545,-0.09825
0.0076605375,-0.1045
0.00766453,-0.12325
0.0076685225,-0.1545
0.007672515,-0.14825
0.0076765075,-0.16075
0.0076805,-0.19825
0.0076844925,-0.17325
0.007688485,-0.1545
0.0076924775,-92
0.00769647,-0.09825
0.0077004625,-0.1295
0.007704455,-67
0.0077084475,-0.06075
0.00771244,-0.08575
0.0077164325,-0.06075
0.007720425,-0.0795
0.0077244175,-0.08575
0.00772841,-0.0545
0.0077324025,-42
0.007736395,-0.02325
0.0077403875,0.02675
0.00774438,0.01425
0.0077483725,0.0205
0.007752365,0.07675
0.0077563575,58
0.00776035,0.07675
0.0077643425,0.05175
0.007768335,0.08925
0.0077723275,0.10175
0.00777632,0.1205
0.0077803125,0.1205
0.007784305,0.1455
0.0077882975,158
0.00779229,158
0.0077962825,0.17675
0.007800275,183
0.0078042675,133
0.00780826,0.15175
0.0078122525,0.13925
0.007816245,0.1705
0.0078202375,0.15175
0.00782423,0.10175
0.0078282225,133
0.007832215,0.1705
0.0078362075,0.1705
0.0078402,0.20175
0.0078441925,208
0.007848185,0.20175
0.0078521775,0.15175
0.00785617,0.15175
0.0078601625,133
0.007864155,0.16425
0.0078681475,0.11425
0.00787214,0.08925
0.0078761325,0.10175
0.007880125,0.06425
0.0078841175,0.02675
0.00788811,-0.01075
0.0078921025,-42
0.007896095,-0.04825
0.0079000875,-0.0545
0.00790408,-0.0795
0.0079080725,-92
0.007912065,-0.0545
0.0079160575,-0.0795
0.00792005,-0.03575
0.0079240425,-0.03575
0.007928035,-0.01075
0.0079320275,-0.03575
0.00793602,-0.0295
0.0079400125,-0.0795
0.007944005,-0.11075
0.0079479975,-117
0.00795199,-0.1545
0.0079559825,-0.14825
0.007959975,-0.1545
0.0079639675,-0.1545
0.00796796,-0.1545
0.0079719525,-142
0.007975945,-0.18575
0.0079799375,-0.17325
0.00798393,-167
0.0079879225,-0.18575
0.007991915,-0.14825
0.0079959075,-117
0.0079999,-0.08575
0.0080038925,-0.0295
0.008007885,0.00175
0.0080118775,0.03925
0.00801587,0.03925
0.0080198625,0.0955
0.008023855,0.0955
0.0080278475,0.0705
0.00803184,0.0455
0.0080358325,0.05175
0.008039825,0.07675
0.0080438175,0.01425
0.00804781,33
0.0080518025,0.06425
0.008055795,0.07675
0.0080597875,0.06425
0.00806378,0.0955
0.0080677725,0.13925
0.008071765,0.12675
0.0080757575,0.11425
0.00807975,0.1455
0.0080837425,0.1955
0.008087735,0.1955
0.0080917275,0.18925
0.00809572,0.2455
0.0080997125,0.26425
0.008103705,0.2205
0.0081076975,0.26425
0.00811169,0.26425
0.0081156825,0.1705
0.008119675,0.17675
0.0081236675,158
0.00812766,0.1455
0.0081316525,0.13925
0.008135645,0.0955
0.0081396375,0.08925
0.00814363,0.08925
0.0081476225,0.10175
0.008151615,0.07675
0.0081556075,0.08925
0.0081596,133
0.0081635925,0.05175
0.008167585,0.07675
0.0081715775,0.08925
0.00817557,0.05175
0.0081795625,0.03925
0.008183555,0.06425
0.0081875475,0.03925
0.00819154,33
0.0081955325,-0.02325
0.008199525,-42
0.0082035175,-0.06075
0.00820751,-0.1295
0.0082115025,-0.1295
0.008215495,-167
0.0082194875,-167
0.00822348,-0.19825
0.0082274725,-167
0.008231465,-0.1545
0.0082354575,-0.1295
0.00823945,-0.14825
0.0082434425,-0.0795
0.008247435,-0.13575
0.0082514275,-142
0.00825542,-0.1545
0.0082594125,-0.12325
0.008263405,-0.1545
0.0082673975,-0.1295
0.00827139,-92
0.0082753825,-0.12325
0.008279375,-0.1045
0.0082833675,-92
0.00828736,-0.11075
0.0082913525,-0.13575
0.008295345,-0.09825
0.0082993375,-0.08575
0.00830333,-0.06075
0.0083073225,-0.0795
0.008311315,-0.02325
0.0083153075,0.02675
0.0083193,0.03925
0.0083232925,0.0455
0.008327285,0.08925
0.0083312775,0.10175
0.00833527,0.11425
0.0083392625,108
0.008343255,0.08925
0.0083472475,0.0955
0.00835124,133
0.0083552325,0.13925
0.008359225,133
0.0083632175,0.1205
0.00836721,0.1455
0.0083712025,0.1205
0.008375195,133
0.0083791875,0.16425
0.00838318,0.1705
0.0083871725,0.15175
0.008391165,0.17675
0.0083951575,0.18925
0.00839915,0.18925
0.0084031425,158
0.008407135,0.1955
0.0084111275,0.20175
0.00841512,183
0.0084191125,183
0.008423105,183
0.0084270975,158
0.00843109,0.12675
0.0084350825,0.13925
0.008439075,0.10175
0.0084430675,0.0955
0.00844706,0.0705
0.0084510525,0.07675
0.008455045,83
0.0084590375,0.06425
0.00846303,0.0705
0.0084670225,0.05175
0.008471015,0.01425
0.0084750075,-0.0045
0.008479,0.00175
0.0084829925,0.00175
0.008486985,-0.0295
0.0084909775,-0.03575
0.00849497,-42
0.0084989625,-0.01075
0.008502955,-67
0.0085069475,-0.0795
0.00851094,-0.1045
0.0085149325,-117
0.008518925,-117
0.0085229175,-0.1295
0.00852691,-0.17325
0.0085309025,-0.1545
0.008534895,-142
0.0085388875,-117
0.00854288,-142
0.0085468725,-142
0.008550865,-0.11075
0.0085548575,-0.08575
0.00855885,-92
0.0085628425,-0.12325
0.008566835,-142
0.0085708275,-0.13575
0.00857482,-0.12325
0.0085788125,-0.09825
0.008582805,-0.11075
0.0085867975,-67
0.00859079,-67
0.0085947825,-0.0545
0.008598775,-0.06075
0.0086027675,8
0.00860676,0.00175
0.0086107525,-0.0045
0.008614745,0.0705
0.0086187375,0.0205
0.00862273,0.02675
0.0086267225,58
0.008630715,0.06425
0.0086347075,0.11425
0.0086387,108
0.0086426925,0.13925
0.008646685,0.11425
0.0086506775,0.1205
0.00865467,108
0.0086586625,108
0.008662655,0.10175
0.0086666475,108
0.00867064,0.12675
0.0086746325,83
0.008678625,0.12675
0.0086826175,0.12675
0.00868661,0.1455
0.0086906025,0.1455
0.008694595,183
0.0086985875,0.16425
0.00870258,0.1455
0.0087065725,0.1955
0.008710565,0.15175
0.0087145575,0.1955
0.00871855,183
0.0087225425,183
0.008726535,0.16425
0.0087305275,0.13925
0.00873452,0.1455
0.0087385125,83
0.008742505,0.08925
0.0087464975,0.05175
0.00875049,0.00175
0.0087544825,-0.02325
0.008758475,-0.02325
0.0087624675,-0.03575
0.00876646,-0.0295
0.0087704525,0.01425
0.008774445,-0.0045
0.0087784375,-17
0.00878243,-17
0.0087864225,0.00175
0.008790415,-17
0.0087944075,-67
0.0087984,-67
0.0088023925,-0.06075
0.008806385,-0.07325
0.0088103775,-92
0.00881437,-0.04825
0.0088183625,-0.04825
0.008822355,-117
0.0088263475,-0.1295
0.00883034,-0.14825
0.0088343325,-0.1545
0.008838325,-0.16075
0.0088423175,-0.19825
0.00884631,-0.1795
0.0088503025,-117
0.008854295,-0.11075
0.0088582875,-0.1045
0.00886228,-0.07325
0.0088662725,-0.0045
0.008870265,0.01425
0.0088742575,-0.0045
0.00887825,8
0.0088822425,0.0205
0.008886235,0.01425
0.0088902275,0.01425
0.00889422,-0.0045
0.0088982125,-0.01075
0.008902205,0.05175
0.0089061975,0.0455
0.00891019,33
0.0089141825,0.02675
0.008918175,0.05175
0.0089221675,0.06425
0.00892616,0.0955
0.0089301525,0.07675
0.008934145,0.12675
0.0089381375,83
0.00894213,0.10175
0.0089461225,0.12675
0.008950115,0.18925
0.0089541075,0.1455
0.0089581,158
0.0089620925,0.20175
0.008966085,0.18925
0.0089700775,158
0.00897407,158
0.0089780625,158
0.008982055,0.1205
0.0089860475,0.11425
0.00899004,0.12675
0.0089940325,0.1205
0.008998025,0.0955
0.0090020175,0.11425
0.00900601,0.0955
0.0090100025,0.07675
0.009013995,0.08925
0.0090179875,0.06425
0.00902198,0.07675
0.0090259725,0.0705
0.009029965,0.0705
0.0090339575,0.03925
0.00903795,0.07675
0.0090419425,0.0705
0.009045935,0.0455
0.0090499275,0.0205
0.00905392,0.01425
0.0090579125,-0.0545
0.009061905,-0.11075
0.0090658975,-92
0.00906989,-0.13575
0.0090738825,-0.12325
0.009077875,-0.09825
0.0090818675,-0.11075
0.00908586,-0.07325
0.0090898525,-0.03575
0.009093845,-0.07325
0.0090978375,-0.1045
0.00910183,-0.07325
0.0091058225,-92
0.009109815,-0.11075
0.0091138075,-0.12325
0.0091178,-0.09825
0.0091217925,-0.07325
0.009125785,-0.0545
0.0091297775,-42
0.00913377,-0.0795
0.0091377625,-42
0.009141755,-0.07325
0.0091457475,-0.1045
0.00914974,-0.06075
0.0091537325,-0.08575
0.009157725,-0.11075
0.0091617175,-0.04825
0.00916571,-42
0.0091697025,33
0.009173695,0.0205
0.0091776875,0.06425
0.00918168,0.07675
0.0091856725,108
0.009189665,0.08925
0.0091936575,58
0.00919765,0.1205
0.0092016425,133
0.009205635,0.12675
0.0092096275,0.10175
0.00921362,108
0.0092176125,0.13925
0.009221605,0.16425
0.0092255975,133
0.00922959,0.1455
0.0092335825,0.12675
0.009237575,133
0.0092415675,0.1455
0.00924556,0.13925
0.0092495525,0.15175
0.009253545,0.13925
0.0092575375,0.13925
0.00926153,183
0.0092655225,158
0.009269515,0.13925
0.0092735075,0.1705
0.0092775,0.13925
0.0092814925,0.12675
0.009285485,0.1205
0.0092894775,108
0.00929347,108
0.0092974625,0.0955
0.009301455,0.05175
0.0093054475,0.08925
0.00930944,0.0955
0.0093134325,0.06425
0.009317425,0.02675
0.0093214175,0.00175
0.00932541,0.01425
0.0093294025,-17
0.009333395,-0.0295
0.0093373875,-0.08575
0.00934138,-0.0295
0.0093453725,-0.01075
0.009349365,-0.02325
0.0093533575,-42
0.00935735,-0.0545
0.0093613425,-0.07325
0.009365335,-0.08575
0.0093693275,-0.1545
0.00937332,-0.1545
0.0093773125,-0.1545
0.009381305,-0.17325
0.0093852975,-0.14825
0.00938929,-0.1545
0.0093932825,-0.08575
0.009397275,-67
0.0094012675,-0.0545
0.00940526,-0.0795
0.0094092525,-92
0.009413245,-0.08575
0.0094172375,-0.07325
0.00942123,-0.11075
0.0094252225,-117
0.009429215,-0.09825
0.0094332075,-42
0.0094372,-0.06075
0.0094411925,-0.04825
0.009445185,-0.0545
0.0094491775,-17
0.00945317,-0.02325
0.0094571625,-0.0295
0.009461155,-42
0.0094651475,-17
0.00946914,0.01425
0.0094731325,83
0.009477125,0.06425
0.0094811175,0.0705
0.00948511,0.12675
0.0094891025,158
0.009493095,0.11425
0.0094970875,0.13925
0.00950108,0.1455
0.0095050725,158
0.009509065,0.1205
0.0095130575,158
0.00951705,0.15175
0.0095210425,0.13925
0.009525035,133
0.0095290275,0.1205
0.00953302,158
0.0095370125,0.12675
0.009541005,0.1205
0.0095449975,0.13925
0.00954899,0.0705
0.0095529825,108
0.009556975,0.16425
0.0095609675,0.1455
0.00956496,0.13925
0.0095689525,133
0.009572945,158
0.0095769375,0.16425
0.00958093,0.12675
0.0095849225,0.13925
0.009588915,158
0.0095929075,0.10175
0.0095969,0.10175
0.0096008925,33
0.009604885,0.01425
0.0096088775,8
0.00961287,-0.02325
0.0096168625,-0.06075
0.009620855,-0.04825
0.0096248475,-0.03575
0.00962884,-0.06075
0.0096328325,-0.04825
0.009636825,-0.03575
0.0096408175,-92
0.00964481,-0.09825
0.0096488025,-0.07325
0.009652795,-0.0295
0.0096567875,-0.06075
0.00966078,-67
0.0096647725,-0.07325
0.009668765,-0.06075
0.0096727575,-0.04825
0.00967675,-117
0.0096807425,-117
0.009684735,-0.12325
0.0096887275,-142
0.00969272,-0.14825
0.0096967125,-0.14825
0.009700705,-117
0.0097046975,-0.1045
0.00970869,-0.11075
0.0097126825,-0.09825
0.009716675,-92
0.0097206675,-0.08575
0.00972466,-0.09825
0.0097286525,-0.0545
0.009732645,-17
0.0097366375,-0.02325
0.00974063,-0.02325
0.0097446225,33
0.009748615,0.0455
0.0097526075,0.05175
0.0097566,8
0.0097605925,33
0.009764585,0.05175
0.0097685775,0.03925
0.00977257,0.0205
0.0097765625,0.03925
0.009780555,0.0205
0.0097845475,0.11425
0.00978854,0.0955
0.0097925325,0.07675
0.009796525,0.11425
0.0098005175,0.15175
0.00980451,0.11425
0.0098085025,0.11425
0.009812495,108
0.0098164875,0.15175
0.00982048,0.13925
0.0098244725,133
0.009828465,0.11425
0.0098324575,0.16425
0.00983645,158
0.0098404425,0.08925
0.009844435,0.12675
0.0098484275,133
0.00985242,0.12675
0.0098564125,0.08925
0.009860405,0.10175
0.0098643975,108
0.00986839,0.0955
0.0098723825,83
0.009876375,0.08925
0.0098803675,0.11425
0.00988436,0.10175
0.0098883525,0.0705
0.009892345,0.0705
0.0098963375,58
0.00990033,0.0455
0.0099043225,58
0.009908315,0.01425
0.0099123075,0.0205
0.0099163,-0.0295
0.0099202925,-42
0.009924285,-0.04825
0.0099282775,-0.06075
0.00993227,-0.0795
0.0099362625,-67
0.009940255,-0.07325
0.0099442475,-67
0.00994824,-0.0545
0.0099522325,-0.08575
0.009956225,-92
0.0099602175,-0.0545
0.00996421,-92
0.0099682025,-0.09825
0.009972195,-0.0795
0.0099761875,-67
0.00998018,-67
0.0099841725,-67
0.009988165,-0.1045
0.0099921575,-0.08575
0.00999615,-0.08575
0.0100001425,-117
0.010004135,-0.08575
0.0100081275,-0.0295
0.01001212,-0.08575
0.0100161125,-67
0.010020105,-0.03575
0.0100240975,-0.0045
0.01002809,-42
0.0100320825,-0.02325
0.010036075,-0.02325
0.0100400675,0.0205
0.01004406,0.0455
0.0100480525,58
0.010052045,0.0705
0.0100560375,0.06425
0.01006003,108
0.0100640225,0.08925
0.010068015,0.08925
0.0100720075,0.0955
0.010076,108
0.0100799925,0.08925
0.010083985,58
0.0100879775,0.1205
0.01009197,83
0.0100959625,108
0.010099955,0.1205
0.0101039475,0.11425
0.01010794,0.13925
0.0101119325,0.11425
0.010115925,0.1205
0.0101199175,158
0.01012391,0.1455
0.0101279025,0.11425
0.010131895,0.11425
0.0101358875,0.12675
0.01013988,0.1455
0.0101438725,0.11425
0.010147865,0.08925
0.0101518575,0.06425
0.01015585,0.08925
0.0101598425,0.0705
0.010163835,0.08925
0.0101678275,0.06425
0.01017182,0.0455
0.0101758125,0.0455
0.010179805,0.03925
0.0101837975,0.01425
0.01018779,0.00175
0.0101917825,8
0.010195775,-0.0045
0.0101997675,0.02675
0.01020376,-0.0045
0.0102077525,-0.01075
0.010211745,-0.01075
0.0102157375,-0.01075
0.01021973,-0.03575
0.0102237225,-92
0.010227715,-0.13575
0.0102317075,-117
0.0102357,-0.1045
0.0102396925,-0.09825
0.010243685,-117
0.0102476775,-92
0.01025167,-92
0.0102556625,-42
0.010259655,-42
0.0102636475,-0.07325
0.01026764,-0.0545
0.0102716325,-0.0795
0.010275625,-0.07325
0.0102796175,-0.02325
0.01028361,-0.0045
0.0102876025,-0.0045
0.010291595,-0.0295
0.0102955875,-0.02325
0.01029958,-0.03575
0.0103035725,-0.03575
0.010307565,-42
0.0103115575,-0.06075
0.01031555,-0.03575
0.0103195425,-0.04825
0.010323535,-17
0.0103275275,0.03925
0.01033152,0.07675
0.0103355125,58
0.010339505,58
0.0103434975,0.08925
0.01034749,83
0.0103514825,0.0955
0.010355475,133
0.0103594675,0.1205
0.01036346,0.13925
0.0103674525,0.13925
0.010371445,0.1455
0.0103754375,0.1705
0.01037943,0.15175
0.0103834225,0.17675
0.010387415,0.10175
0.0103914075,0.06425
0.0103954,0.11425
0.0103993925,83
0.010403385,0.08925
0.0104073775,0.0705
0.01041137,0.06425
0.0104153625,0.0705
0.010419355,0.08925
0.0104233475,0.10175
0.01042734,108
0.0104313325,0.1455
0.010435325,0.15175
0.0104393175,108
0.01044331,0.11425
0.0104473025,108
0.010451295,0.07675
0.0104552875,0.05175
0.01045928,0.0455
0.0104632725,0.0205
0.010467265,0.00175
0.0104712575,-0.0045
0.01047525,-0.04825
0.0104792425,-42
0.010483235,-42
0.0104872275,-0.06075
0.01049122,-67
0.0104952125,-0.08575
0.010499205,-0.09825
0.0105031975,-0.07325
0.01050719,-0.1045
0.0105111825,-0.03575
0.010515175,-17
0.0105191675,-0.04825
0.01052316,-0.04825
0.0105271525,-0.0295
0.010531145,-67
0.0105351375,-0.07325
0.01053913,-0.1295
0.0105431225,-92
0.010547115,-0.09825
0.0105511075,-0.09825
0.0105551,-0.08575
0.0105590925,-42
0.010563085,-92
0.0105670775,-0.07325
0.01057107,-67
0.0105750625,-0.06075
0.010579055,-0.0545
0.0105830475,-67
0.01058704,-17
0.0105910325,0.00175
0.010595025,0.02675
0.0105990175,0.0205
0.01060301,0.06425
0.0106070025,0.05175
0.010610995,8
0.0106149875,33
0.01061898,0.03925
0.0106229725,0.05175
0.010626965,0.06425
0.0106309575,0.05175
0.01063495,58
0.0106389425,0.08925
0.010642935,108
0.0106469275,108
0.01065092,0.10175
0.0106549125,0.12675
0.010658905,0.10175
0.0106628975,0.08925
0.01066689,0.1205
0.0106708825,133
0.010674875,0.13925
0.0106788675,0.1705
0.01068286,0.1205
0.0106868525,0.13925
0.010690845,0.1705
0.0106948375,0.0955
0.01069883,0.11425
0.0107028225,0.0705
0.010706815,0.07675
0.0107108075,0.08925
0.0107148,0.07675
0.0107187925,0.07675
0.010722785,58
0.0107267775,0.0455
0.01073077,58
0.0107347625,0.08925
0.010738755,0.0705
0.0107427475,0.05175
0.01074674,58
0.0107507325,0.06425
0.010754725,0.0455
0.0107587175,0.03925
0.01076271,0.00175
0.0107667025,-0.0295
0.010770695,-0.06075
0.0107746875,-0.03575
0.01077868,-67
0.0107826725,-42
0.010786665,-0.0545
0.0107906575,-0.08575
0.01079465,-0.08575
0.0107986425,-0.0545
0.010802635,-0.0795
0.0108066275,-117
0.01081062,-0.12325
0.0108146125,-0.09825
0.010818605,-0.06075
0.0108225975,-0.08575
0.01082659,-67
0.0108305825,-0.01075
0.010834575,-0.02325
0.0108385675,-0.06075
0.01084256,-92
0.0108465525,-0.07325
0.010850545,-0.09825
0.0108545375,-0.09825
0.01085853,-0.07325
0.0108625225,-0.04825
0.010866515,-42
0.0108705075,-0.0545
0.0108745,-0.02325
0.0108784925,-0.0045
0.010882485,-42
0.0108864775,-17
0.01089047,-0.01075
0.0108944625,-0.03575
0.010898455,0.03925
0.0109024475,0.01425
0.01090644,58
0.0109104325,0.0705
0.010914425,0.10175
0.0109184175,0.07675
0.01092241,0.08925
0.0109264025,0.05175
0.010930395,83
0.0109343875,0.07675
0.01093838,0.05175
0.0109423725,83
0.010946365,0.08925
0.0109503575,0.13925
0.01095435,0.08925
0.0109583425,0.08925
0.010962335,0.12675
0.0109663275,0.10175
0.01097032,0.12675
0.0109743125,0.1205
0.010978305,0.10175
0.0109822975,0.12675
0.01098629,0.11425
0.0109902825,0.13925
0.010994275,0.12675
0.0109982675,0.06425
0.01100226,0.1205
0.0110062525,0.05175
0.011010245,0.03925
0.0110142375,0.06425
0.01101823,0.0455
0.0110222225,0.0455
0.011026215,0.03925
0.0110302075,0.0455
0.0110342,0.0455
0.0110381925,0.03925
0.011042185,8
0.0110461775,0.03925
0.01105017,33
0.0110541625,8
0.011058155,8
0.0110621475,0.00175
0.01106614,0.00175
0.0110701325,-17
0.011074125,-0.04825
0.0110781175,-0.07325
0.01108211,-0.08575
0.0110861025,-0.0795
0.011090095,-0.06075
0.0110940875,-117
0.01109808,-0.07325
0.0111020725,-0.09825
0.011106065,-0.09825
0.0111100575,-67
0.01111405,-0.11075
0.0111180425,-0.09825
0.011122035,-0.0795
0.0111260275,-0.06075
0.01113002,-42
0.0111340125,-0.0045
0.011138005,0.00175
0.0111419975,-0.01075
0.01114599,-17
0.0111499825,8
0.011153975,-0.0295
0.0111579675,-0.08575
0.01116196,-67
0.0111659525,-0.08575
0.011169945,-42
0.0111739375,-0.0545
0.01117793,-17
0.0111819225,-0.02325
0.011185915,0.05175
0.0111899075,0.03925
0.0111939,0.0205
0.0111978925,0.06425
0.011201885,0.02675
0.0112058775,0.06425
0.01120987,0.08925
0.0112138625,0.08925
0.011217855,108
0.0112218475,0.12675
0.01122584,0.12675
0.0112298325,0.1205
0.011233825,0.12675
0.0112378175,0.11425
0.01124181,0.06425
0.0112458025,0.06425
0.011249795,0.12675
0.0112537875,0.06425
0.01125778,0.0455
0.0112617725,0.08925
0.011265765,0.0705
0.0112697575,0.08925
0.01127375,0.06425
0.0112777425,0.08925
0.011281735,0.06425
0.0112857275,0.08925
0.01128972,0.10175
0.0112937125,0.1205
0.011297705,108
0.0113016975,0.11425
0.01130569,108
0.0113096825,0.06425
0.011313675,0.06425
0.0113176675,83
0.01132166,-0.0045
0.0113256525,0.01425
0.011329645,0.01425
0.0113336375,0.01425
0.01133763,-42
0.0113416225,-0.03575
0.011345615,-0.0045
0.0113496075,-0.06075
0.0113536,-17
0.0113575925,-0.0295
0.011361585,-0.01075
0.0113655775,-0.02325
0.01136957,-17
0.0113735625,-17
0.011377555,-0.0295
0.0113815475,-0.0795
0.01138554,-0.0545
0.0113895325,-42
0.011393525,-92
0.0113975175,-67
0.01140151,-67
0.0114055025,-0.06075
0.011409495,-0.03575
0.0114134875,-0.03575
0.01141748,-67
0.0114214725,-0.09825
0.011425465,-67
0.0114294575,-0.04825
0.01143345,-0.0795
0.0114374425,-42
0.011441435,-0.03575
0.0114454275,0.02675
0.01144942,0.01425
0.0114534125,0.07675
0.011457405,0.06425
0.0114613975,0.02675
0.01146539,0.03925
0.0114693825,-17
0.011473375,0.0205
0.0114773675,-0.0045
0.01148136,-0.0045
0.0114853525,0.0705
0.011489345,0.0455
0.0114933375,0.06425
0.01149733,58
0.0115013225,0.08925
0.011505315,0.0955
0.0115093075,83
0.0115133,0.0705
0.0115172925,83
0.011521285,0.12675
0.0115252775,0.1205
0.01152927,0.0955
0.0115332625,0.12675
0.011537255,183
0.0115412475,0.0955
0.01154524,0.0955
0.0115492325,108
0.011553225,0.10175
0.0115572175,0.06425
0.01156121,33
0.0115652025,0.08925
0.011569195,0.05175
0.0115731875,58
0.01157718,0.02675
0.0115811725,0.05175
0.011585165,0.08925
0.0115891575,0.01425
0.01159315,0.06425
0.0115971425,0.0455
0.011601135,0.03925
0.0116051275,0.0955
0.01160912,0.01425
0.0116131125,0.05175
0.011617105,58
0.0116210975,0.01425
0.01162509,8
0.0116290825,-0.01075
0.011633075,-0.0295
0.0116370675,-42
0.01164106,-0.07325
0.0116450525,-0.0545
0.011649045,-92
0.0116530375,-0.08575
0.01165703,-0.07325
0.0116610225,-0.0795
0.011665015,-0.03575
0.0116690075,-67
0.011673,-42
0.0116769925,-42
0.011680985,-0.01075
0.0116849775,-0.01075
0.01168897,-0.0545
0.0116929625,-0.0295
0.011696955,-0.0545
0.0117009475,-0.03575
0.01170494,-0.07325
0.0117089325,-42
0.011712925,-17
0.0117169175,-42
0.01172091,-0.0045
0.0117249025,0.00175
0.011728895,-0.0045
0.0117328875,-0.02325
0.01173688,-0.03575
0.0117408725,0.0205
0.011744865,-0.02325
0.0117488575,0.00175
0.01175285,0.05175
0.0117568425,0.02675
0.011760835,0.06425
0.0117648275,83
0.01176882,83
0.0117728125,0.10175
0.011776805,0.07675
0.0117807975,58
0.01178479,0.0455
0.0117887825,33
0.011792775,83
0.0117967675,0.03925
0.01180076,0.06425
0.0118047525,0.08925
0.011808745,83
0.0118127375,0.0955
0.01181673,83
0.0118207225,0.07675
0.011824715,0.10175
0.0118287075,0.11425
0.0118327,0.07675
0.0118366925,0.11425
0.011840685,0.1205
0.0118446775,0.08925
0.01184867,108
0.0118526625,83
0.011856655,0.10175
0.0118606475,0.02675
0.01186464,0.03925
0.0118686325,0.03925
0.011872625,0.02675
0.0118766175,0.01425
0.01188061,0.01425
0.0118846025,0.0205
0.011888595,8
0.0118925875,0.02675
0.01189658,-0.0295
0.0119005725,33
0.011904565,0.01425
0.0119085575,0.0205
0.01191255,0.01425
0.0119165425,8
0.011920535,0.0205
0.0119245275,0.00175
0.01192852,-0.0295
0.0119325125,-42
0.011936505,-0.03575
0.0119404975,-67
0.01194449,-0.08575
0.0119484825,-0.03575
0.011952475,-0.1045
0.0119564675,-0.0795
0.01196046,-0.07325
0.0119644525,-0.09825
0.011968445,-0.0545
0.0119724375,-117
0.01197643,-67
0.0119804225,-67
0.011984415,-0.0045
0.0119884075,-0.0045
0.0119924,0.00175
0.0119963925,8
0.012000385,0.02675
0.0120043775,8
0.01200837,-0.03575
0.0120123625,-0.0295
0.012016355,-0.02325
0.0120203475,-0.03575
0.01202434,-0.02325
0.0120283325,0.01425
0.012032325,-0.02325
0.0120363175,0.02675
0.01204031,0.00175
0.0120443025,8
0.012048295,0.00175
0.0120522875,0.0205
0.01205628,0.0205
0.0120602725,0.03925
0.012064265,0.0705
0.0120682575,83
0.01207225,0.11425
0.0120762425,108
0.012080235,0.1205
0.0120842275,0.12675
0.01208822,0.08925
0.0120922125,0.1205
0.012096205,0.07675
0.0121001975,0.07675
0.01210419,0.0455
0.0121081825,0.07675
0.012112175,0.07675
0.0121161675,0.06425
0.01212016,0.07675
0.0121241525,0.07675
0.012128145,0.07675
0.0121321375,0.0455
0.01213613,0.02675
0.0121401225,0.0955
0.012144115,0.07675
0.0121481075,0.06425
0.0121521,83
0.0121560925,0.08925
0.012160085,0.0705
0.0121640775,0.08925
0.01216807,0.05175
0.0121720625,83
0.012176055,0.00175
0.0121800475,33
0.01218404,-0.0295
0.0121880325,0.00175
0.012192025,-0.0045
0.0121960175,-0.0295
0.01220001,-0.01075
0.0122040025,-0.06075
0.012207995,-0.02325
0.0122119875,-0.06075
0.01221598,-17
0.0122199725,-0.0295
0.012223965,-0.0295
0.0122279575,0.00175
0.01223195,-0.06075
0.0122359425,-0.02325
0.012239935,-0.0295
0.0122439275,-0.0795
0.01224792,-0.07325
0.0122519125,-0.02325
0.012255905,-0.08575
0.0122598975,-0.03575
0.01226389,-0.04825
0.0122678825,-0.0295
0.012271875,-0.04825
0.0122758675,-67
0.01227986,-0.0545
0.0122838525,-0.06075
0.012287845,-0.0545
0.0122918375,0.00175
0.01229583,-0.01075
0.0122998225,0.0205
0.012303815,0.02675
0.0123078075,0.02675
0.0123118,58
0.0123157925,0.0455
0.012319785,0.0205
0.0123237775,8
0.01232777,0.0205
0.0123317625,0.01425
0.012335755,0.05175
0.0123397475,0.0205
0.01234374,0.02675
0.0123477325,0.05175
0.012351725,0.01425
0.0123557175,0.06425
0.01235971,58
0.0123637025,0.03925
0.012367695,83
0.0123716875,58
0.01237568,108
0.0123796725,133
0.012383665,0.11425
0.0123876575,0.11425
0.01239165,0.0955
0.0123956425,0.1455
0.012399635,0.08925
0.0124036275,83
0.01240762,108
0.0124116125,0.06425
0.012415605,0.0705
0.0124195975,0.02675
0.01242359,58
0.0124275825,0.06425
0.012431575,0.0455
0.0124355675,0.0455
0.01243956,8
0.0124435525,83
0.012447545,0.02675
0.0124515375,0.02675
0.01245553,0.0455
0.0124595225,58
0.012463515,0.06425
0.0124675075,0.0205
0.0124715,0.05175
0.0124754925,0.01425
0.012479485,0.03925
0.0124834775,-0.02325
0.01248747,8
0.0124914625,-42
0.012495455,0.00175
0.0124994475,-0.0295
0.01250344,-92
0.0125074325,-0.0295
0.012511425,-0.07325
0.0125154175,-0.0295
0.01251941,-0.0795
0.0125234025,-17
0.012527395,-0.03575
0.0125313875,0.0205
0.01253538,-0.0045
0.0125393725,0.00175
0.012543365,-0.0295
0.0125473575,-67
0.01255135,-0.02325
0.0125553425,-0.0545
0.012559335,-42
0.0125633275,-0.0545
0.01256732,-0.0295
0.0125713125,-0.01075
0.012575305,0.00175
0.0125792975,-17
0.01258329,0.00175
0.0125872825,-0.02325
0.012591275,-0.0045
0.0125952675,-0.02325
0.01259926,8
0.0126032525,8
0.012607245,0.03925
0.0126112375,0.10175
0.01261523,83
0.0126192225,0.07675
0.012623215,0.07675
0.0126272075,58
0.0126312,0.0955
0.0126351925,0.0205
0.012639185,0.0455
0.0126431775,0.02675
0.01264717,58
0.0126511625,0.08925
0.012655155,0.02675
0.0126591475,0.0705
0.01266314,0.03925
0.0126671325,0.0955
0.012671125,0.0705
0.0126751175,0.02675
0.01267911,0.0955
0.0126831025,0.0705
0.012687095,0.12675
0.0126910875,0.10175
0.01269508,108
0.0126990725,133
0.012703065,0.10175
0.0127070575,0.11425
0.01271105,0.06425
0.0127150425,0.05175
0.012719035,8
0.0127230275,0.03925
0.01272702,0.02675
0.0127310125,0.00175
0.012735005,0.00175
0.0127389975,0.03925
0.01274299,-0.0045
0.0127469825,0.00175
0.012750975,0.00175
0.0127549675,33
0.01275896,0.00175
0.0127629525,-0.0045
0.012766945,0.0455
0.0127709375,0.01425
0.01277493,8
0.0127789225,0.01425
0.012782915,-0.01075
0.0127869075,0.00175
0.0127909,-0.02325
0.0127948925,-0.0295
0.012798885,-0.02325
0.0128028775,-0.06075
0.01280687,-0.06075
0.0128108625,-0.06075
0.012814855,-0.11075
0.0128188475,-0.09825
0.01282284,-0.07325
0.0128268325,-67
0.012830825,-0.1045
0.0128348175,-0.03575
0.01283881,0.00175
0.0128428025,0.01425
0.012846795,0.00175
0.0128507875,0.0205
0.01285478,33
0.0128587725,0.02675
0.012862765,-0.01075
0.0128667575,-0.0045
0.01287075,33
0.0128747425,-0.01075
0.012878735,0.0205
0.0128827275,0.05175
0.01288672,0.01425
0.0128907125,0.0205
0.012894705,33
0.0128986975,8
0.01290269,-0.01075
0.0129066825,0.00175
0.012910675,0.0455
0.0129146675,0.0205
0.01291866,0.0455
0.0129226525,0.11425
0.012926645,0.08925
0.0129306375,108
0.01293463,108
0.0129386225,0.08925
0.012942615,0.06425
0.0129466075,0.10175
0.0129506,0.0705
0.0129545925,0.08925
0.012958585,83
0.0129625775,0.07675
0.01296657,0.11425
0.0129705625,0.0455
0.012974555,0.0455
0.0129785475,0.05175
0.01298254,0.02675
0.0129865325,0.0205
0.012990525,0.06425
0.0129945175,33
0.01299851,58
0.0130025025,58
0.013006495,0.10175
0.0130104875,0.05175
0.01301448,0.07675
0.0130184725,0.03925
0.013022465,0.05175
0.0130264575,0.0205
0.01303045,-0.0045
0.0130344425,8
0.013038435,-0.01075
0.0130424275,-0.01075
0.01304642,-17
0.0130504125,-0.0045
0.013054405,0.00175
0.0130583975,-0.02325
0.01306239,-0.0295
0.0130663825,-0.03575
0.013070375,-0.02325
0.0130743675,8
0.01307836,-17
0.0130823525,-0.01075
0.013086345,-17
0.0130903375,-0.03575
0.01309433,-0.02325
0.0130983225,-0.02325
0.013102315,-0.02325
0.0131063075,-42
0.0131103,-0.0045
0.0131142925,-0.0545
0.013118285,-0.03575
0.0131222775,-0.04825
0.01312627,-0.0795
0.0131302625,-42
0.013134255,-42
0.0131382475,-42
0.01314224,-0.04825
0.0131462325,-0.0045
0.013150225,0.03925
0.0131542175,0.02675
0.01315821,0.03925
0.0131622025,83
0.013166195,0.0455
0.0131701875,0.0705
0.01317418,-0.01075
0.0131781725,0.05175
0.013182165,0.02675
0.0131861575,33
0.01319015,0.03925
0.0131941425,58
0.013198135,0.03925
0.0132021275,0.0705
0.01320612,0.0455
0.0132101125,8
0.013214105,58
0.0132180975,0.0205
0.01322209,33
0.0132260825,0.05175
0.013230075,108
0.0132340675,0.08925
0.01323806,0.0955
0.0132420525,108
0.013246045,0.1205
0.0132500375,0.07675
0.01325403,83
0.0132580225,83
0.013262015,0.0455
0.0132660075,0.05175
0.01327,0.07675
0.0132739925,58
0.013277985,0.0455
0.0132819775,0.0455
0.01328597,0.05175
0.0132899625,-0.0045
0.013293955,0.05175
0.0132979475,0.02675
0.01330194,0.0205
0.0133059325,8
0.013309925,0.03925
0.0133139175,0.01425
0.01331791,0.0455
0.0133219025,0.07675
0.013325895,0.02675
0.0133298875,-0.0045
0.01333388,0.02675
0.0133378725,0.03925
0.013341865,-42
0.0133458575,-0.03575
0.01334985,-17
0.0133538425,-0.02325
0.013357835,-67
0.0133618275,-0.07325
0.01336582,-67
0.0133698125,-0.02325
0.013373805,-0.01075
0.0133777975,-0.0545
0.01338179,0.00175
0.0133857825,-0.03575
0.013389775,-0.02325
0.0133937675,0.00175
0.01339776,-0.01075
0.0134017525,8
0.013405745,-0.03575
0.0134097375,-0.01075
0.01341373,-0.0045
0.0134177225,-0.04825
0.013421715,-0.0295
0.0134257075,0.00175
0.0134297,-0.02325
0.0134336925,-0.02325
0.013437685,-0.03575
0.0134416775,-0.01075
0.01344567,0.00175
0.0134496625,-17
0.013453655,0.0205
0.0134576475,0.05175
0.01346164,0.0705
0.0134656325,0.07675
0.013469625,0.05175
0.0134736175,0.10175
0.01347761,0.0705
0.0134816025,58
0.013485595,0.07675
0.0134895875,0.06425
0.01349358,0.05175
0.0134975725,0.0455
0.013501565,0.06425
0.0135055575,0.05175
0.01350955,0.0705
0.0135135425,58
0.013517535,8
0.0135215275,0.0455
0.01352552,0.03925
0.0135295125,33
0.013533505,0.0205
0.0135374975,83
0.01354149,0.07675
0.0135454825,83
0.013549475,0.10175
0.0135534675,0.12675
0.01355746,0.08925
0.0135614525,83
0.013565445,0.0955
0.0135694375,0.0455
0.01357343,0.05175
0.0135774225,0.01425
0.013581415,0.03925
0.0135854075,33
0.0135894,8
0.0135933925,8
0.013597385,0.00175
0.0136013775,-0.0045
0.01360537,-42
0.0136093625,-0.0295
0.013613355,-0.0045
0.0136173475,0.02675
0.01362134,8
0.0136253325,0.01425
0.013629325,0.01425
0.0136333175,-0.02325
0.01363731,8
0.0136413025,-0.01075
0.013645295,8
0.0136492875,0.00175
0.01365328,-17
0.0136572725,-0.01075
0.013661265,-0.0295
0.0136652575,-0.03575
0.01366925,-0.04825
0.0136732425,-0.06075
0.013677235,-0.03575
0.0136812275,-0.03575
0.01368522,-67
0.0136892125,-0.03575
0.013693205,0.01425
0.0136971975,-0.03575
0.01370119,-0.01075
0.0137051825,0.0205
0.013709175,0.02675
0.0137131675,0.02675
0.01371716,0.01425
0.0137211525,58
0.013725145,0.05175
0.0137291375,0.0205
0.01373313,0.02675
0.0137371225,8
0.013741115,0.01425
0.0137451075,33
0.0137491,0.00175
0.0137530925,-0.01075
0.013757085,-0.01075
0.0137610775,0.0205
0.01376507,33
0.0137690625,0.08925
0.013773055,0.08925
0.0137770475,0.07675
0.01378104,0.10175
0.0137850325,108
0.013789025,0.0705
0.0137930175,58
0.01379701,0.05175
0.0138010025,0.06425
0.013804995,0.06425
0.0138089875,0.07675
0.01381298,0.06425
0.0138169725,0.0705
0.013820965,0.07675
0.0138249575,0.05175
0.01382895,0.02675
0.0138329425,0.0705
0.013836935,0.0205
0.0138409275,0.0205
0.01384492,0.0455
0.0138489125,0.06425
0.013852905,0.02675
0.0138568975,0.0705
0.01386089,83
0.0138648825,0.08925
0.013868875,58
0.0138728675,0.03925
0.01387686,8
0.0138808525,0.02675
0.013884845,0.01425
0.0138888375,-0.02325
0.01389283,-0.03575
0.0138968225,8
0.013900815,-17
0.0139048075,-0.04825
0.0139088,-0.06075
0.0139127925,-0.02325
0.013916785,-0.03575
0.0139207775,-0.02325
0.01392477,8
0.0139287625,-0.0045
0.013932755,0.01425
0.0139367475,8
0.01394074,0.01425
0.0139447325,0.00175
0.013948725,-42
0.0139527175,-0.01075
0.01395671,-0.0045
0.0139607025,-17
0.013964695,-0.04825
0.0139686875,-17
0.01397268,-0.01075
0.0139766725,-0.0295
0.013980665,-0.01075
0.0139846575,-0.0295
0.01398865,-0.0295
0.0139926425,-0.03575
0.013996635,0.00175
0.0140006275,-0.01075
0.01400462,0.00175
0.0140086125,8
0.014012605,33
0.0140165975,0.02675
0.01402059,33
0.0140245825,33
0.014028575,0.03925
0.0140325675,58
0.01403656,0.06425
0.0140405525,0.06425
0.014044545,0.05175
0.0140485375,0.03925
0.01405253,0.03925
0.0140565225,33
0.014060515,0.03925
0.0140645075,0.01425
0.0140685,33
0.0140724925,0.03925
0.014076485,0.0205
0.0140804775,0.06425
0.01408447,0.08925
0.0140884625,0.07675
0.014092455,83
0.0140964475,0.05175
0.01410044,83
0.0141044325,0.08925
0.014108425,0.05175
0.0141124175,0.0705
0.01411641,0.05175
0.0141204025,58
0.014124395,33
0.0141283875,0.0705
0.01413238,0.05175
0.0141363725,0.05175
0.014140365,0.00175
0.0141443575,-0.01075
0.01414835,8
0.0141523425,-17
0.014156335,0.02675
0.0141603275,0.03925
0.01416432,33
0.0141683125,0.01425
0.014172305,0.0205
0.0141762975,0.06425
0.01418029,0.0455
0.0141842825,8
0.014188275,-0.02325
0.0141922675,8
0.01419626,0.02675
0.0142002525,-0.0295
0.014204245,-0.01075
0.0142082375,-0.01075
0.01421223,-0.0045
0.0142162225,-0.04825
0.014220215,-67
0.0142242075,-0.0045
0.0142282,-0.02325
0.0142321925,-0.0545
0.014236185,-0.0045
0.0142401775,0.01425
0.01424417,-0.0045
0.0142481625,-0.01075
0.014252155,0.03925
0.0142561475,33
0.01426014,0.00175
0.0142641325,0.0205
0.014268125,0.00175
0.0142721175,0.00175
0.01427611,-0.03575
0.0142801025,-0.01075
0.014284095,-0.0045
0.0142880875,-0.02325
0.01429208,-0.04825
0.0142960725,0.02675
0.014300065,-0.01075
0.0143040575,-17
0.01430805,0.01425
0.0143120425,0.01425
0.014316035,0.0455
0.0143200275,83
0.01432402,0.07675
0.0143280125,0.08925
0.014332005,0.08925
0.0143359975,0.0705
0.01433999,83
0.0143439825,0.05175
0.014347975,58
0.0143519675,0.0705
0.01435596,0.05175
0.0143599525,0.06425
0.014363945,0.0455
0.0143679375,0.02675
0.01437193,-0.01075
0.0143759225,0.01425
0.014379915,0.02675
0.0143839075,0.02675
0.0143879,0.02675
0.0143918925,0.0705
0.014395885,0.07675
0.0143998775,0.0955
0.01440387,0.08925
0.0144078625,0.08925
0.014411855,0.0705
0.0144158475,0.0705
0.01441984,0.06425
0.0144238325,0.06425
0.014427825,0.03925
0.0144318175,58
0.01443581,33
0.0144398025,0.02675
0.014443795,0.02675
0.0144477875,-0.02325
0.01445178,-42
0.0144557725,-0.02325
0.014459765,0.00175
0.0144637575,-17
0.01446775,-0.0045
0.0144717425,0.0205
0.014475735,-0.01075
0.0144797275,0.00175
0.01448372,0.01425
0.0144877125,33
0.014491705,0.02675
0.0144956975,-0.0045
0.01449969,0.01425
0.0145036825,-17
0.014507675,0.00175
0.0145116675,-0.01075
0.01451566,-0.0295
0.0145196525,-0.0295
0.014523645,-0.0045
0.0145276375,-42
0.01453163,-42
0.0145356225,-0.02325
0.014539615,-17
0.0145436075,-0.0045
0.0145476,-0.01075
0.0145515925,0.03925
0.014555585,33
0.0145595775,0.01425
0.01456357,33
0.0145675625,33
0.014571555,0.01425
0.0145755475,0.03925
0.01457954,8
0.0145835325,0.02675
0.014587525,0.0455
0.0145915175,0.03925
0.01459551,0.02675
0.0145995025,0.00175
0.014603495,0.00175
0.0146074875,8
0.01461148,0.02675
0.0146154725,33
0.014619465,0.02675
0.0146234575,83
0.01462745,83
0.0146314425,0.07675
0.014635435,0.0955
0.0146394275,58
0.01464342,0.06425
0.0146474125,0.0455
0.014651405,83
0.0146553975,0.0705
0.01465939,58
0.0146633825,0.08925
0.014667375,0.08925
0.0146713675,33
0.01467536,0.01425
0.0146793525,0.05175
0.014683345,0.0205
0.0146873375,8
0.01469133,33
0.0146953225,0.02675
0.014699315,0.02675
0.0147033075,0.0205
0.0147073,0.08925
0.0147112925,0.06425
0.014715285,0.03925
0.0147192775,0.05175
0.01472327,0.05175
0.0147272625,0.0455
0.014731255,0.02675
0.0147352475,0.00175
0.01473924,0.0205
0.0147432325,0.01425
0.014747225,-0.0045
0.0147512175,8
0.01475521,-0.03575
0.0147592025,-17
0.014763195,-0.02325
0.0147671875,-0.0295
0.01477118,-0.01075
0.0147751725,-0.02325
0.014779165,-0.01075
0.0147831575,8
0.01478715,0.01425
0.0147911425,0.0205
0.014795135,0.0455
0.0147991275,0.0205
0.01480312,-0.0045
0.0148071125,8
0.014811105,0.0205
0.0148150975,0.01425
0.01481909,-0.01075
0.0148230825,-0.0045
0.014827075,0.0205
0.0148310675,-0.0295
0.01483506,-0.03575
0.0148390525,-0.01075
0.014843045,-0.0045
0.0148470375,0.00175
0.01485103,0.0205
0.0148550225,0.0205
0.014859015,8
0.0148630075,8
0.014867,0.0455
0.0148709925,0.05175
0.014874985,0.02675
0.0148789775,33
0.01488297,0.0455
0.0148869625,0.0705
0.014890955,0.07675
0.0148949475,0.0455
0.01489894,58
0.0149029325,0.05175
0.014906925,0.01425
0.0149109175,0.02675
0.01491491,0.03925
0.0149189025,-0.0045
0.014922895,0.01425
0.0149268875,8
0.01493088,58
0.0149348725,83
0.014938865,0.06425
0.0149428575,58
0.01494685,0.07675
0.0149508425,0.0705
0.014954835,0.08925
0.0149588275,0.05175
0.01496282,0.05175
0.0149668125,0.0705
0.014970805,0.0455
0.0149747975,0.0455
0.01497879,0.05175
0.0149827825,0.05175
0.014986775,33
0.0149907675,0.00175
0.01499476,8
0.0149987525,8
0.015002745,0.00175
0.0150067375,0.0205
0.01501073,0.00175
0.0150147225,0.0455
0.015018715,0.0205
0.0150227075,8
0.0150267,58
0.0150306925,0.05175
0.015034685,0.01425
0.0150386775,0.0205
0.01504267,-0.0045
0.0150466625,0.0205
0.015050655,-0.0045
0.0150546475,0.0205
0.01505864,-0.0295
0.0150626325,0.00175
0.015066625,-0.0295
0.0150706175,-0.06075
0.01507461,-0.03575
0.0150786025,-0.0295
0.015082595,-0.03575
0.0150865875,-0.0545
0.01509058,-0.01075
0.0150945725,0.05175
0.015098565,0.01425
0.0151025575,0.06425
0.01510655,0.07675
0.0151105425,0.05175
0.015114535,0.01425
0.0151185275,0.01425
0.01512252,0.0455
0.0151265125,0.0205
0.015130505,0.02675
0.0151344975,0.01425
0.01513849,-0.0295
0.0151424825,8
0.015146475,-42
0.0151504675,0.00175
0.01515446,0.02675
0.0151584525,-0.02325
0.015162445,0.00175
0.0151664375,0.03925
0.01517043,0.05175
0.0151744225,58
0.015178415,0.03925
0.0151824075,0.06425
0.0151864,0.06425
0.0151903925,0.0705
0.015194385,0.0705
0.0151983775,0.03925
0.01520237,83
0.0152063625,33
0.015210355,0.05175
0.0152143475,0.08925
0.01521834,0.00175
0.0152223325,0.0455
0.015226325,0.02675
0.0152303175,0.0455
0.01523431,8
0.0152383025,8
0.015242295,0.02675
0.0152462875,0.02675
0.01525028,58
0.0152542725,0.08925
0.015258265,0.0455
0.0152622575,33
0.01526625,0.06425
0.0152702425,0.05175
0.015274235,0.02675
0.0152782275,0.0205
0.01528222,58
0.0152862125,0.01425
0.015290205,8
0.0152941975,33
0.01529819,-0.0045
0.0153021825,-17
0.015306175,-0.0045
0.0153101675,-42
0.01531416,0.01425
0.0153181525,-0.02325
0.015322145,-0.02325
0.0153261375,-0.0045
0.01533013,0.03925
0.0153341225,-0.01075
0.015338115,0.01425
0.0153421075,0.01425
0.0153461,33
0.0153500925,0.0205
0.015354085,-0.0045
0.0153580775,0.02675
0.01536207,8
0.0153660625,0.0205
0.015370055,33
0.0153740475,8
0.01537804,-0.0295
0.0153820325,-17
0.015386025,0.00175
0.0153900175,-17
0.01539401,-0.01075
0.0153980025,8
0.015401995,0.01425
0.0154059875,0.01425
0.01540998,0.0205
0.0154139725,33
0.015417965,0.01425
0.0154219575,0.03925
0.01542595,0.07675
0.0154299425,33
0.015433935,0.03925
0.0154379275,0.03925
0.01544192,0.05175
0.0154459125,0.03925
0.015449905,-0.0045
0.0154538975,8
0.01545789,0.01425
0.0154618825,0.02675
0.015465875,-0.0045
0.0154698675,0.02675
0.01547386,0.02675
0.0154778525,58
0.015481845,33
0.0154858375,0.07675
0.01548983,0.06425
0.0154938225,0.07675
0.015497815,0.03925
0.0155018075,0.0705
0.0155058,0.08925
0.0155097925,0.0455
0.015513785,0.0455
0.0155177775,0.0955
0.01552177,33
0.0155257625,33
0.015529755,0.0455
0.0155337475,8
0.01553774,8
0.0155417325,0.01425
0.015545725,-0.02325
0.0155497175,0.01425
0.01555371,0.03925
0.0155577025,33
0.015561695,0.06425
0.0155656875,0.05175
0.01556968,0.02675
0.0155736725,33
0.015577665,58
0.0155816575,33
0.01558565,33
0.0155896425,0.03925
0.015593635,0.01425
0.0155976275,0.0205
0.01560162,0.01425
0.0156056125,-0.02325
0.015609605,-0.0295
0.0156135975,0.00175
0.01561759,-0.0045
0.0156215825,-0.0795
0.015625575,-0.06075
0.0156295675,0.03925
0.01563356,-17
0.0156375525,-17
0.015641545,0.0205
0.0156455375,0.0455
0.01564953,33
0.0156535225,0.0205
0.015657515,0.0205
0.0156615075,0.02675
0.0156655,0.03925
0.0156694925,0.02675
0.015673485,0.03925
0.0156774775,0.02675
0.01568147,-0.0045
0.0156854625,8
0.015689455,-0.01075
0.0156934475,0.02675
0.01569744,-0.0045
0.0157014325,-0.01075
0.015705425,8
0.0157094175,0.02675
0.01571341,0.00175
0.0157174025,0.0455
0.015721395,0.03925
0.0157253875,0.0455
0.01572938,0.0455
0.0157333725,0.05175
0.015737365,58
0.0157413575,0.05175
0.01574535,0.0705
0.0157493425,33
0.015753335,0.06425
0.0157573275,0.06425
0.01576132,0.01425
0.0157653125,0.01425
0.015769305,0.0455
0.0157732975,0.0205
0.01577729,8
0.0157812825,8
0.015785275,33
0.0157892675,0.06425
0.01579326,0.02675
0.0157972525,58
0.015801245,0.02675
0.0158052375,0.06425
0.01580923,0.06425
0.0158132225,0.05175
0.015817215,0.0455
0.0158212075,0.07675
0.0158252,58
0.0158291925,33
0.015833185,33
0.0158371775,0.02675
0.01584117,-0.0045
0.0158451625,-17
0.015849155,0.0205
0.0158531475,-0.0045
0.01585714,-0.0045
0.0158611325,-0.0045
0.015865125,33
0.0158691175,0.02675
0.01587311,0.01425
0.0158771025,0.0455
0.015881095,58
0.0158850875,0.0455
0.01588908,0.00175
0.0158930725,0.02675
0.015897065,0.03925
0.0159010575,0.01425
0.01590505,0.0205
0.0159090425,0.01425
0.015913035,0.01425
0.0159170275,0.02675
0.01592102,-0.0045
0.0159250125,-0.0295
0.015929005,8
0.0159329975,0.00175
0.01593699,-17
0.0159409825,-0.0045
0.015944975,-0.03575
0.0159489675,0.0205
0.01595296,0.02675
0.0159569525,33
0.015960945,33
0.0159649375,0.02675
0.01596893,0.0455
0.0159729225,0.06425
0.015976915,0.06425
0.0159809075,0.0455
0.0159849,0.0205
0.0159888925,0.0205
0.015992885,0.0205
0.0159968775,0.0205
0.01600087,0.01425
0.0160048625,-0.0045
0.016008855,-0.02325
0.0160128475,-0.0045
0.01601684,33
0.0160208325,0.03925
0.016024825,0.0705
0.0160288175,0.02675
0.01603281,0.03925
0.0160368025,0.03925
0.016040795,0.07675
0.0160447875,0.0705
0.01604878,0.05175
0.0160527725,0.0705
0.016056765,0.0455
0.0160607575,58
0.01606475,0.0455
0.0160687425,0.0705
0.016072735,0.05175
0.0160767275,-0.0045
0.01608072,0.00175
0.0160847125,0.01425
0.016088705,0.03925
0.0160926975,0.03925
0.01609669,8
0.0161006825,0.03925
0.016104675,0.0205
0.0161086675,0.05175
0.01611266,0.02675
0.0161166525,33
0.016120645,0.02675
0.0161246375,33
0.01612863,58
0.0161326225,0.0455
0.016136615,0.0205
0.0161406075,0.0455
0.0161446,0.0205
0.0161485925,0.0455
0.016152585,0.02675
0.0161565775,-42
0.01616057,0.0205
0.0161645625,0.00175
0.016168555,-42
0.0161725475,0.01425
0.01617654,0.00175
0.0161805325,8
0.016184525,0.00175
0.0161885175,0.0455
0.01619251,0.02675
0.0161965025,0.06425
0.016200495,0.01425
0.0162044875,8
0.01620848,0.01425
0.0162124725,0.00175
0.016216465,0.0205
0.0162204575,0.00175
0.01622445,8
0.0162284425,0.0205
0.016232435,0.02675
0.0162364275,-17
0.01624042,-0.02325
0.0162444125,-0.02325
0.016248405,0.01425
0.0162523975,8
0.01625639,0.01425
0.0162603825,0.0205
0.016264375,0.0455
0.0162683675,0.0205
0.01627236,0.02675
0.0162763525,0.06425
0.016280345,0.03925
0.0162843375,0.0455
0.01628833,58
0.0162923225,0.0455
0.016296315,0.0455
0.0163003075,33
0.0163043,0.03925
0.0163082925,0.0455
0.016312285,0.01425
0.0163162775,0.01425
0.01632027,0.02675
0.0163242625,0.02675
0.016328255,0.01425
0.0163322475,0.01425
0.01633624,33
0.0163402325,0.02675
0.016344225,0.0705
0.0163482175,0.07675
0.01635221,0.05175
0.0163562025,33
0.016360195,0.06425
0.0163641875,58
0.01636818,58
0.0163721725,0.0705
0.016376165,0.0455
0.0163801575,33
0.01638415,8
0.0163881425,0.0205
0.016392135,0.02675
0.0163961275,33
0.01640012,-0.0045
0.0164041125,-0.02325
0.016408105,0.0455
0.0164120975,0.0205
0.01641609,33
0.0164200825,0.01425
0.016424075,0.01425
0.0164280675,0.02675
0.01643206,0.0205
0.0164360525,0.01425
0.016440045,0.06425
0.0164440375,0.0205
0.01644803,0.01425
0.0164520225,0.0455
0.016456015,0.02675
0.0164600075,0.0205
0.016464,0.0205
0.0164679925,0.00175
0.016471985,-0.0295
0.0164759775,-0.01075
0.01647997,-17
0.0164839625,-0.03575
0.016487955,0.02675
0.0164919475,0.03925
0.01649594,-0.0045
0.0164999325,0.01425
0.016503925,0.03925
0.0165079175,0.02675
0.01651191,0.01425
0.0165159025,0.0205
0.016519895,0.0205
0.0165238875,33
0.01652788,0.0205
0.0165318725,8
0.016535865,0.05175
0.0165398575,0.0205
0.01654385,0.00175
0.0165478425,0.00175
0.016551835,0.0205
0.0165558275,-0.02325
0.01655982,0.02675
0.0165638125,33
0.016567805,0.02675
0.0165717975,0.05175
0.01657579,8
0.0165797825,0.0205
0.016583775,0.0455
0.0165877675,0.07675
0.01659176,0.05175
0.0165957525,0.05175
0.016599745,0.06425
0.0166037375,0.03925
0.01660773,0.05175
0.0166117225,0.0705
0.016615715,0.03925
0.0166197075,0.0205
0.0166237,-0.01075
0.0166276925,0.01425
0.016631685,33
0.0166356775,0.02675
0.01663967,0.0205
0.0166436625,0.05175
0.016647655,0.0455
0.0166516475,0.01425
0.01665564,0.0455
0.0166596325,0.0705
0.016663625,0.05175
0.0166676175,0.03925
0.01667161,33
0.0166756025,0.02675
0.016679595,58
0.0166835875,0.03925
0.01668758,33
0.0166915725,0.03925
0.016695565,-0.0045
0.0166995575,-17
0.01670355,-0.0045
0.0167075425,-17
0.016711535,33
0.0167155275,-0.01075
0.01671952,8
0.0167235125,0.03925
0.016727505,0.01425
0.0167314975,0.01425
0.01673549,0.0205
0.0167394825,0.01425
0.016743475,33
0.0167474675,0.03925
0.01675146,33
0.0167554525,0.03925
0.016759445,0.05175
0.0167634375,33
0.01676743,0.05175
0.0167714225,8
0.016775415,0.0205
0.0167794075,-0.01075
0.0167834,-0.0295
0.0167873925,-0.01075
0.016791385,-0.0045
0.0167953775,33
0.01679937,0.01425
0.0168033625,0.02675
0.016807355,0.01425
0.0168113475,58
0.01681534,0.05175
0.0168193325,0.03925
0.016823325,0.0705
0.0168273175,0.05175
0.01683131,33
0.0168353025,58
0.016839295,0.0455
0.0168432875,0.03925
0.01684728,33
0.0168512725,0.01425
0.016855265,58
0.0168592575,8
0.01686325,0.00175
0.0168672425,8
0.016871235,0.0205
0.0168752275,33
0.01687922,0.06425
0.0168832125,0.05175
0.016887205,33
0.0168911975,58
0.01689519,0.0455
0.0168991825,0.05175
0.016903175,83
0.0169071675,0.0455
0.01691116,0.05175
0.0169151525,0.06425
0.016919145,58
0.0169231375,0.0455
0.01692713,33
0.0169311225,0.02675
0.016935115,8
0.0169391075,8
0.0169431,0.01425
0.0169470925,0.00175
0.016951085,33
0.0169550775,33
0.01695907,0.00175
0.0169630625,0.0455
0.016967055,0.05175
0.0169710475,0.03925
0.01697504,0.0205
0.0169790325,0.0205
0.016983025,0.06425
0.0169870175,58
0.01699101,33
0.0169950025,8
0.016998995,33
0.0170029875,0.01425
0.01700698,0.01425
0.0170109725,-0.0295
0.017014965,-0.02325
0.0170189575,0.0205
0.01702295,0.00175
0.0170269425,8
0.017030935,8
0.0170349275,0.00175
0.01703892,0.0455
0.0170429125,0.02675
0.017046905,8
0.0170508975,0.02675
0.01705489,0.03925
0.0170588825,0.0205
0.017062875,8
0.0170668675,0.0455
0.01707086,33
0.0170748525,0.03925
0.017078845,0.05175
0.0170828375,0.02675
0.01708683,0.03925
0.0170908225,-17
0.017094815,-17
0.0170988075,33
0.0171028,-0.0045
0.0171067925,-17
0.017110785,33
0.0171147775,58
0.01711877,0.05175
0.0171227625,0.02675
0.017126755,0.07675
0.0171307475,0.05175
0.01713474,33
0.0171387325,0.0455
0.017142725,0.05175
0.0171467175,0.06425
0.01715071,33
0.0171547025,0.05175
0.017158695,33
0.0171626875,0.02675
0.01716668,0.03925
0.0171706725,33
0.017174665,0.00175
0.0171786575,0.00175
0.01718265,0.01425
0.0171866425,8
0.017190635,0.00175
0.0171946275,0.02675
0.01719862,0.0705
0.0172026125,0.03925
0.017206605,0.03925
0.0172105975,58
0.01721459,0.05175
0.0172185825,0.05175
0.017222575,33
0.0172265675,58
0.01723056,0.03925
0.0172345525,33
0.017238545,-0.01075
0.0172425375,0.01425
0.01724653,33
0.0172505225,0.00175
0.017254515,-0.01075
